{"data":[{"Properties":{"domain":"GOODPLAYER.LOCAL","name":"GOODPLAYER-ACTIVEDIRECTORY-CA@GOODPLAYER.LOCAL","distinguishedname":"CN=GOODPLAYER-ACTIVEDIRECTORY-CA,CN=AIA,CN=PUBLIC KEY SERVICES,CN=SERVICES,CN=CONFIGURATION,DC=GOODPLAYER,DC=LOCAL","domainsid":"S-1-5-21-3097585901-318635426-835273833","isaclprotected":false,"description":null,"whencreated":1706084593,"crosscertificatepair":[],"hascrosscertificatepair":false,"certthumbprint":"FFFE6382C3F44F74FFC6E3B4C914EF6B75DCE883","certname":"FFFE6382C3F44F74FFC6E3B4C914EF6B75DCE883","certchain":["FFFE6382C3F44F74FFC6E3B4C914EF6B75DCE883"],"hasbasicconstraints":false,"basicconstraintpathlength":0},"Aces":[{"PrincipalSID":"S-1-5-21-3097585901-318635426-835273833-519","PrincipalType":"Group","RightName":"Owns","IsInherited":false},{"PrincipalSID":"GOODPLAYER.LOCAL-S-1-5-32-544","PrincipalType":"Group","RightName":"GenericAll","IsInherited":false},{"PrincipalSID":"S-1-5-21-3097585901-318635426-835273833-512","PrincipalType":"Group","RightName":"GenericAll","IsInherited":false},{"PrincipalSID":"S-1-5-21-3097585901-318635426-835273833-519","PrincipalType":"Group","RightName":"GenericAll","IsInherited":false},{"PrincipalSID":"S-1-5-21-3097585901-318635426-835273833-1000","PrincipalType":"Computer","RightName":"GenericAll","IsInherited":false},{"PrincipalSID":"S-1-5-21-3097585901-318635426-835273833-519","PrincipalType":"Group","RightName":"GenericAll","IsInherited":true},{"PrincipalSID":"S-1-5-21-3097585901-318635426-835273833-512","PrincipalType":"Group","RightName":"WriteDacl","IsInherited":true},{"PrincipalSID":"S-1-5-21-3097585901-318635426-835273833-512","PrincipalType":"Group","RightName":"WriteOwner","IsInherited":true}],"ObjectIdentifier":"FE5089EA-D7DC-4D87-957C-F83D08CF6211","IsDeleted":false,"IsACLProtected":false,"ContainedBy":{"ObjectIdentifier":"5FB516EC-85AB-4144-B16B-39FB5C18C9FE","ObjectType":"Container"}}],"meta":{"methods":291819,"type":"aiacas","count":1,"version":6}}