{"data":[{"Properties":{"domain":"GOODPLAYER.LOCAL","name":"GOODPLAYER-ACTIVEDIRECTORY-CA@GOODPLAYER.LOCAL","distinguishedname":"CN=GOODPLAYER-ACTIVEDIRECTORY-CA,CN=ENROLLMENT SERVICES,CN=PUBLIC KEY SERVICES,CN=SERVICES,CN=CONFIGURATION,DC=GOODPLAYER,DC=LOCAL","domainsid":"S-1-5-21-3097585901-318635426-835273833","isaclprotected":false,"description":null,"whencreated":1706084593,"flags":"SUPPORTS_NT_AUTHENTICATION, CA_SERVERTYPE_ADVANCED","caname":"GoodPlayer-ActiveDirectory-CA","dnshostname":"ActiveDirectory.GoodPlayer.local","certthumbprint":"FFFE6382C3F44F74FFC6E3B4C914EF6B75DCE883","certname":"FFFE6382C3F44F74FFC6E3B4C914EF6B75DCE883","certchain":["FFFE6382C3F44F74FFC6E3B4C914EF6B75DCE883"],"hasbasicconstraints":false,"basicconstraintpathlength":0},"HostingComputer":null,"CARegistryData":null,"EnabledCertTemplates":[{"ObjectIdentifier":"57A44EBA-1A80-4C7D-B56A-C7F8A4D3BF30","ObjectType":"CertTemplate"},{"ObjectIdentifier":"11C93ABB-122C-4967-A088-19B780A225D4","ObjectType":"CertTemplate"},{"ObjectIdentifier":"4D550173-B3E8-4767-8B47-6B67271F0F57","ObjectType":"CertTemplate"},{"ObjectIdentifier":"4954FE70-2789-4F53-A557-02E7CB1A9EA6","ObjectType":"CertTemplate"},{"ObjectIdentifier":"1E55164A-C003-4183-B7F4-46341534CDF5","ObjectType":"CertTemplate"},{"ObjectIdentifier":"0F11E817-BEBB-4948-B6FC-439011823F7C","ObjectType":"CertTemplate"},{"ObjectIdentifier":"2A9CDDF7-D726-4783-A4E4-3BC7A569057C","ObjectType":"CertTemplate"},{"ObjectIdentifier":"09A78ACD-6015-45E4-8E2A-74218E7DFA3C","ObjectType":"CertTemplate"},{"ObjectIdentifier":"3C6A3C25-67CB-41C4-953D-FA6BF5434548","ObjectType":"CertTemplate"},{"ObjectIdentifier":"67191D2A-C9E6-4475-809A-EE38299924DA","ObjectType":"CertTemplate"},{"ObjectIdentifier":"6F81FBFA-68CB-4795-9476-0DEA5BFE6620","ObjectType":"CertTemplate"}],"Aces":[{"PrincipalSID":"S-1-5-21-3097585901-318635426-835273833-519","PrincipalType":"Group","RightName":"Owns","IsInherited":false},{"PrincipalSID":"S-1-5-21-3097585901-318635426-835273833-519","PrincipalType":"Group","RightName":"WriteDacl","IsInherited":false},{"PrincipalSID":"S-1-5-21-3097585901-318635426-835273833-519","PrincipalType":"Group","RightName":"WriteOwner","IsInherited":false},{"PrincipalSID":"S-1-5-21-3097585901-318635426-835273833-519","PrincipalType":"Group","RightName":"ManageCA","IsInherited":false},{"PrincipalSID":"S-1-5-21-3097585901-318635426-835273833-519","PrincipalType":"Group","RightName":"ManageCertificates","IsInherited":false},{"PrincipalSID":"S-1-5-21-3097585901-318635426-835273833-1000","PrincipalType":"Computer","RightName":"WriteDacl","IsInherited":false},{"PrincipalSID":"S-1-5-21-3097585901-318635426-835273833-1000","PrincipalType":"Computer","RightName":"WriteOwner","IsInherited":false},{"PrincipalSID":"S-1-5-21-3097585901-318635426-835273833-1000","PrincipalType":"Computer","RightName":"ManageCA","IsInherited":false},{"PrincipalSID":"S-1-5-21-3097585901-318635426-835273833-1000","PrincipalType":"Computer","RightName":"ManageCertificates","IsInherited":false},{"PrincipalSID":"GOODPLAYER.LOCAL-S-1-5-11","PrincipalType":"Group","RightName":"Enroll","IsInherited":false},{"PrincipalSID":"S-1-5-21-3097585901-318635426-835273833-519","PrincipalType":"Group","RightName":"GenericAll","IsInherited":true},{"PrincipalSID":"S-1-5-21-3097585901-318635426-835273833-512","PrincipalType":"Group","RightName":"WriteDacl","IsInherited":true},{"PrincipalSID":"S-1-5-21-3097585901-318635426-835273833-512","PrincipalType":"Group","RightName":"WriteOwner","IsInherited":true},{"PrincipalSID":"S-1-5-21-3097585901-318635426-835273833-512","PrincipalType":"Group","RightName":"ManageCA","IsInherited":true}],"ObjectIdentifier":"CF8F01CE-1F68-464D-ADAB-D9521ED23082","IsDeleted":false,"IsACLProtected":false,"ContainedBy":{"ObjectIdentifier":"8B2F40C7-C84C-404E-9EEF-960755514511","ObjectType":"Container"}}],"meta":{"methods":291819,"type":"enterprisecas","count":1,"version":6}}