{"data":[{"Properties":{"domain":"GOODPLAYER.LOCAL","name":"GREDDY.GOODPLAYER.LOCAL","distinguishedname":"CN=GREDDY,CN=COMPUTERS,DC=GOODPLAYER,DC=LOCAL","domainsid":"S-1-5-21-3097585901-318635426-835273833","samaccountname":"GREDDY$","haslaps":false,"isaclprotected":false,"description":null,"whencreated":1706093274,"enabled":true,"unconstraineddelegation":false,"trustedtoauth":false,"isdc":false,"lastlogon":1706159819,"lastlogontimestamp":1706093274,"pwdlastset":1706093274,"serviceprincipalnames":["TERMSRV/GREDDY","TERMSRV/greddy.GoodPlayer.local","RestrictedKrbHost/GREDDY","HOST/GREDDY","RestrictedKrbHost/greddy.GoodPlayer.local","HOST/greddy.GoodPlayer.local"],"email":null,"operatingsystem":"Windows 10 Enterprise","sidhistory":[]},"PrimaryGroupSID":"S-1-5-21-3097585901-318635426-835273833-515","AllowedToDelegate":[],"AllowedToAct":[],"HasSIDHistory":[],"DumpSMSAPassword":[],"Sessions":{"Results":[],"Collected":true,"FailureReason":null},"PrivilegedSessions":{"Results":[],"Collected":false,"FailureReason":null},"RegistrySessions":{"Results":[],"Collected":false,"FailureReason":null},"LocalGroups":[{"ObjectIdentifier":"S-1-5-21-3097585901-318635426-835273833-2102-579","Name":"ACCESS CONTROL ASSISTANCE OPERATORS@GREDDY.GOODPLAYER.LOCAL","Results":[],"LocalNames":[],"Collected":true,"FailureReason":null},{"ObjectIdentifier":"S-1-5-21-3097585901-318635426-835273833-2102-544","Name":"ADMINISTRATORS@GREDDY.GOODPLAYER.LOCAL","Results":[{"ObjectIdentifier":"S-1-5-21-3097585901-318635426-835273833-512","ObjectType":"Group"},{"ObjectIdentifier":"S-1-5-21-3097585901-318635426-835273833-1602","ObjectType":"User"}],"LocalNames":[],"Collected":true,"FailureReason":null},{"ObjectIdentifier":"S-1-5-21-3097585901-318635426-835273833-2102-551","Name":"BACKUP OPERATORS@GREDDY.GOODPLAYER.LOCAL","Results":[],"LocalNames":[],"Collected":true,"FailureReason":null},{"ObjectIdentifier":"S-1-5-21-3097585901-318635426-835273833-2102-569","Name":"CRYPTOGRAPHIC OPERATORS@GREDDY.GOODPLAYER.LOCAL","Results":[],"LocalNames":[],"Collected":true,"FailureReason":null},{"ObjectIdentifier":"S-1-5-21-3097585901-318635426-835273833-2102-583","Name":"DEVICE OWNERS@GREDDY.GOODPLAYER.LOCAL","Results":[],"LocalNames":[],"Collected":true,"FailureReason":null},{"ObjectIdentifier":"S-1-5-21-3097585901-318635426-835273833-2102-562","Name":"DISTRIBUTED COM USERS@GREDDY.GOODPLAYER.LOCAL","Results":[],"LocalNames":[],"Collected":true,"FailureReason":null},{"ObjectIdentifier":"S-1-5-21-3097585901-318635426-835273833-2102-573","Name":"EVENT LOG READERS@GREDDY.GOODPLAYER.LOCAL","Results":[],"LocalNames":[],"Collected":true,"FailureReason":null},{"ObjectIdentifier":"S-1-5-21-3097585901-318635426-835273833-2102-546","Name":"GUESTS@GREDDY.GOODPLAYER.LOCAL","Results":[],"LocalNames":[],"Collected":true,"FailureReason":null},{"ObjectIdentifier":"S-1-5-21-3097585901-318635426-835273833-2102-578","Name":"HYPER-V ADMINISTRATORS@GREDDY.GOODPLAYER.LOCAL","Results":[],"LocalNames":[],"Collected":true,"FailureReason":null},{"ObjectIdentifier":"S-1-5-21-3097585901-318635426-835273833-2102-568","Name":"IIS_IUSRS@GREDDY.GOODPLAYER.LOCAL","Results":[{"ObjectIdentifier":"S-1-5-21-3097585901-318635426-835273833-2102-17","ObjectType":"LocalGroup"}],"LocalNames":[],"Collected":true,"FailureReason":null},{"ObjectIdentifier":"S-1-5-21-3097585901-318635426-835273833-2102-556","Name":"NETWORK CONFIGURATION OPERATORS@GREDDY.GOODPLAYER.LOCAL","Results":[],"LocalNames":[],"Collected":true,"FailureReason":null},{"ObjectIdentifier":"S-1-5-21-3097585901-318635426-835273833-2102-559","Name":"PERFORMANCE LOG USERS@GREDDY.GOODPLAYER.LOCAL","Results":[],"LocalNames":[],"Collected":true,"FailureReason":null},{"ObjectIdentifier":"S-1-5-21-3097585901-318635426-835273833-2102-558","Name":"PERFORMANCE MONITOR USERS@GREDDY.GOODPLAYER.LOCAL","Results":[],"LocalNames":[],"Collected":true,"FailureReason":null},{"ObjectIdentifier":"S-1-5-21-3097585901-318635426-835273833-2102-547","Name":"POWER USERS@GREDDY.GOODPLAYER.LOCAL","Results":[],"LocalNames":[],"Collected":true,"FailureReason":null},{"ObjectIdentifier":"S-1-5-21-3097585901-318635426-835273833-2102-555","Name":"REMOTE DESKTOP USERS@GREDDY.GOODPLAYER.LOCAL","Results":[],"LocalNames":[],"Collected":true,"FailureReason":null},{"ObjectIdentifier":"S-1-5-21-3097585901-318635426-835273833-2102-580","Name":"REMOTE MANAGEMENT USERS@GREDDY.GOODPLAYER.LOCAL","Results":[],"LocalNames":[],"Collected":true,"FailureReason":null},{"ObjectIdentifier":"S-1-5-21-3097585901-318635426-835273833-2102-552","Name":"REPLICATOR@GREDDY.GOODPLAYER.LOCAL","Results":[],"LocalNames":[],"Collected":true,"FailureReason":null},{"ObjectIdentifier":"S-1-5-21-3097585901-318635426-835273833-2102-581","Name":"SYSTEM MANAGED ACCOUNTS GROUP@GREDDY.GOODPLAYER.LOCAL","Results":[],"LocalNames":[],"Collected":true,"FailureReason":null},{"ObjectIdentifier":"S-1-5-21-3097585901-318635426-835273833-2102-545","Name":"USERS@GREDDY.GOODPLAYER.LOCAL","Results":[{"ObjectIdentifier":"GOODPLAYER.LOCAL-S-1-5-11","ObjectType":"Group"},{"ObjectIdentifier":"S-1-5-21-3097585901-318635426-835273833-513","ObjectType":"Group"}],"LocalNames":[],"Collected":true,"FailureReason":null}],"UserRights":[],"DCRegistryData":{"CertificateMappingMethods":null,"StrongCertificateBindingEnforcement":null},"Status":null,"IsDC":false,"DomainSID":"S-1-5-21-3097585901-318635426-835273833","Aces":[{"PrincipalSID":"S-1-5-21-3097585901-318635426-835273833-512","PrincipalType":"Group","RightName":"Owns","IsInherited":false},{"PrincipalSID":"GOODPLAYER.LOCAL-S-1-5-32-548","PrincipalType":"Group","RightName":"GenericAll","IsInherited":false},{"PrincipalSID":"S-1-5-21-3097585901-318635426-835273833-512","PrincipalType":"Group","RightName":"GenericAll","IsInherited":false},{"PrincipalSID":"S-1-5-21-3097585901-318635426-835273833-526","PrincipalType":"Group","RightName":"AddKeyCredentialLink","IsInherited":true},{"PrincipalSID":"S-1-5-21-3097585901-318635426-835273833-527","PrincipalType":"Group","RightName":"AddKeyCredentialLink","IsInherited":true},{"PrincipalSID":"S-1-5-21-3097585901-318635426-835273833-519","PrincipalType":"Group","RightName":"GenericAll","IsInherited":true},{"PrincipalSID":"GOODPLAYER.LOCAL-S-1-5-32-544","PrincipalType":"Group","RightName":"WriteDacl","IsInherited":true},{"PrincipalSID":"GOODPLAYER.LOCAL-S-1-5-32-544","PrincipalType":"Group","RightName":"WriteOwner","IsInherited":true},{"PrincipalSID":"GOODPLAYER.LOCAL-S-1-5-32-544","PrincipalType":"Group","RightName":"GenericWrite","IsInherited":true}],"ObjectIdentifier":"S-1-5-21-3097585901-318635426-835273833-2102","IsDeleted":false,"IsACLProtected":false,"ContainedBy":{"ObjectIdentifier":"1CF6122F-274F-4228-A63A-9D3D26929CCA","ObjectType":"Container"}},{"Properties":{"domain":"GOODPLAYER.LOCAL","name":"KREDDY.GOODPLAYER.LOCAL","distinguishedname":"CN=KREDDY,CN=COMPUTERS,DC=GOODPLAYER,DC=LOCAL","domainsid":"S-1-5-21-3097585901-318635426-835273833","samaccountname":"KREDDY$","haslaps":false,"isaclprotected":false,"description":null,"whencreated":1706093185,"enabled":true,"unconstraineddelegation":false,"trustedtoauth":false,"isdc":false,"lastlogon":1706159823,"lastlogontimestamp":1706093186,"pwdlastset":1706093186,"serviceprincipalnames":["TERMSRV/KREDDY","TERMSRV/kreddy.GoodPlayer.local","RestrictedKrbHost/KREDDY","HOST/KREDDY","RestrictedKrbHost/kreddy.GoodPlayer.local","HOST/kreddy.GoodPlayer.local"],"email":null,"operatingsystem":"Windows 10 Enterprise","sidhistory":[]},"PrimaryGroupSID":"S-1-5-21-3097585901-318635426-835273833-515","AllowedToDelegate":[],"AllowedToAct":[],"HasSIDHistory":[],"DumpSMSAPassword":[],"Sessions":{"Results":[],"Collected":true,"FailureReason":null},"PrivilegedSessions":{"Results":[],"Collected":false,"FailureReason":null},"RegistrySessions":{"Results":[],"Collected":false,"FailureReason":null},"LocalGroups":[{"ObjectIdentifier":"S-1-5-21-3097585901-318635426-835273833-2101-579","Name":"ACCESS CONTROL ASSISTANCE OPERATORS@KREDDY.GOODPLAYER.LOCAL","Results":[],"LocalNames":[],"Collected":true,"FailureReason":null},{"ObjectIdentifier":"S-1-5-21-3097585901-318635426-835273833-2101-544","Name":"ADMINISTRATORS@KREDDY.GOODPLAYER.LOCAL","Results":[{"ObjectIdentifier":"S-1-5-21-3097585901-318635426-835273833-512","ObjectType":"Group"},{"ObjectIdentifier":"S-1-5-21-3097585901-318635426-835273833-1601","ObjectType":"User"},{"ObjectIdentifier":"S-1-5-21-3097585901-318635426-835273833-1602","ObjectType":"User"}],"LocalNames":[],"Collected":true,"FailureReason":null},{"ObjectIdentifier":"S-1-5-21-3097585901-318635426-835273833-2101-551","Name":"BACKUP OPERATORS@KREDDY.GOODPLAYER.LOCAL","Results":[],"LocalNames":[],"Collected":true,"FailureReason":null},{"ObjectIdentifier":"S-1-5-21-3097585901-318635426-835273833-2101-569","Name":"CRYPTOGRAPHIC OPERATORS@KREDDY.GOODPLAYER.LOCAL","Results":[],"LocalNames":[],"Collected":true,"FailureReason":null},{"ObjectIdentifier":"S-1-5-21-3097585901-318635426-835273833-2101-583","Name":"DEVICE OWNERS@KREDDY.GOODPLAYER.LOCAL","Results":[],"LocalNames":[],"Collected":true,"FailureReason":null},{"ObjectIdentifier":"S-1-5-21-3097585901-318635426-835273833-2101-562","Name":"DISTRIBUTED COM USERS@KREDDY.GOODPLAYER.LOCAL","Results":[],"LocalNames":[],"Collected":true,"FailureReason":null},{"ObjectIdentifier":"S-1-5-21-3097585901-318635426-835273833-2101-573","Name":"EVENT LOG READERS@KREDDY.GOODPLAYER.LOCAL","Results":[],"LocalNames":[],"Collected":true,"FailureReason":null},{"ObjectIdentifier":"S-1-5-21-3097585901-318635426-835273833-2101-546","Name":"GUESTS@KREDDY.GOODPLAYER.LOCAL","Results":[],"LocalNames":[],"Collected":true,"FailureReason":null},{"ObjectIdentifier":"S-1-5-21-3097585901-318635426-835273833-2101-578","Name":"HYPER-V ADMINISTRATORS@KREDDY.GOODPLAYER.LOCAL","Results":[],"LocalNames":[],"Collected":true,"FailureReason":null},{"ObjectIdentifier":"S-1-5-21-3097585901-318635426-835273833-2101-568","Name":"IIS_IUSRS@KREDDY.GOODPLAYER.LOCAL","Results":[{"ObjectIdentifier":"S-1-5-21-3097585901-318635426-835273833-2101-17","ObjectType":"LocalGroup"}],"LocalNames":[],"Collected":true,"FailureReason":null},{"ObjectIdentifier":"S-1-5-21-3097585901-318635426-835273833-2101-556","Name":"NETWORK CONFIGURATION OPERATORS@KREDDY.GOODPLAYER.LOCAL","Results":[],"LocalNames":[],"Collected":true,"FailureReason":null},{"ObjectIdentifier":"S-1-5-21-3097585901-318635426-835273833-2101-559","Name":"PERFORMANCE LOG USERS@KREDDY.GOODPLAYER.LOCAL","Results":[],"LocalNames":[],"Collected":true,"FailureReason":null},{"ObjectIdentifier":"S-1-5-21-3097585901-318635426-835273833-2101-558","Name":"PERFORMANCE MONITOR USERS@KREDDY.GOODPLAYER.LOCAL","Results":[],"LocalNames":[],"Collected":true,"FailureReason":null},{"ObjectIdentifier":"S-1-5-21-3097585901-318635426-835273833-2101-547","Name":"POWER USERS@KREDDY.GOODPLAYER.LOCAL","Results":[],"LocalNames":[],"Collected":true,"FailureReason":null},{"ObjectIdentifier":"S-1-5-21-3097585901-318635426-835273833-2101-555","Name":"REMOTE DESKTOP USERS@KREDDY.GOODPLAYER.LOCAL","Results":[],"LocalNames":[],"Collected":true,"FailureReason":null},{"ObjectIdentifier":"S-1-5-21-3097585901-318635426-835273833-2101-580","Name":"REMOTE MANAGEMENT USERS@KREDDY.GOODPLAYER.LOCAL","Results":[],"LocalNames":[],"Collected":true,"FailureReason":null},{"ObjectIdentifier":"S-1-5-21-3097585901-318635426-835273833-2101-552","Name":"REPLICATOR@KREDDY.GOODPLAYER.LOCAL","Results":[],"LocalNames":[],"Collected":true,"FailureReason":null},{"ObjectIdentifier":"S-1-5-21-3097585901-318635426-835273833-2101-581","Name":"SYSTEM MANAGED ACCOUNTS GROUP@KREDDY.GOODPLAYER.LOCAL","Results":[],"LocalNames":[],"Collected":true,"FailureReason":null},{"ObjectIdentifier":"S-1-5-21-3097585901-318635426-835273833-2101-545","Name":"USERS@KREDDY.GOODPLAYER.LOCAL","Results":[{"ObjectIdentifier":"GOODPLAYER.LOCAL-S-1-5-11","ObjectType":"Group"},{"ObjectIdentifier":"S-1-5-21-3097585901-318635426-835273833-513","ObjectType":"Group"}],"LocalNames":[],"Collected":true,"FailureReason":null}],"UserRights":[],"DCRegistryData":{"CertificateMappingMethods":null,"StrongCertificateBindingEnforcement":null},"Status":null,"IsDC":false,"DomainSID":"S-1-5-21-3097585901-318635426-835273833","Aces":[{"PrincipalSID":"S-1-5-21-3097585901-318635426-835273833-512","PrincipalType":"Group","RightName":"Owns","IsInherited":false},{"PrincipalSID":"GOODPLAYER.LOCAL-S-1-5-32-548","PrincipalType":"Group","RightName":"GenericAll","IsInherited":false},{"PrincipalSID":"S-1-5-21-3097585901-318635426-835273833-512","PrincipalType":"Group","RightName":"GenericAll","IsInherited":false},{"PrincipalSID":"S-1-5-21-3097585901-318635426-835273833-526","PrincipalType":"Group","RightName":"AddKeyCredentialLink","IsInherited":true},{"PrincipalSID":"S-1-5-21-3097585901-318635426-835273833-527","PrincipalType":"Group","RightName":"AddKeyCredentialLink","IsInherited":true},{"PrincipalSID":"S-1-5-21-3097585901-318635426-835273833-519","PrincipalType":"Group","RightName":"GenericAll","IsInherited":true},{"PrincipalSID":"GOODPLAYER.LOCAL-S-1-5-32-544","PrincipalType":"Group","RightName":"WriteDacl","IsInherited":true},{"PrincipalSID":"GOODPLAYER.LOCAL-S-1-5-32-544","PrincipalType":"Group","RightName":"WriteOwner","IsInherited":true},{"PrincipalSID":"GOODPLAYER.LOCAL-S-1-5-32-544","PrincipalType":"Group","RightName":"GenericWrite","IsInherited":true}],"ObjectIdentifier":"S-1-5-21-3097585901-318635426-835273833-2101","IsDeleted":false,"IsACLProtected":false,"ContainedBy":{"ObjectIdentifier":"1CF6122F-274F-4228-A63A-9D3D26929CCA","ObjectType":"Container"}},{"Properties":{"domain":"GOODPLAYER.LOCAL","name":"ACTIVEDIRECTORY.GOODPLAYER.LOCAL","distinguishedname":"CN=ACTIVEDIRECTORY,OU=DOMAIN CONTROLLERS,DC=GOODPLAYER,DC=LOCAL","domainsid":"S-1-5-21-3097585901-318635426-835273833","samaccountname":"ActiveDirectory$","haslaps":false,"isaclprotected":false,"description":null,"whencreated":1706082677,"enabled":true,"unconstraineddelegation":true,"trustedtoauth":false,"isdc":true,"lastlogon":1706158940,"lastlogontimestamp":1706082720,"pwdlastset":1706082696,"serviceprincipalnames":["Dfsr-12F9A27C-BF97-4787-9364-D31B6C55EB04/ActiveDirectory.GoodPlayer.local","ldap/ActiveDirectory.GoodPlayer.local/ForestDnsZones.GoodPlayer.local","ldap/ActiveDirectory.GoodPlayer.local/DomainDnsZones.GoodPlayer.local","TERMSRV/ActiveDirectory","TERMSRV/ActiveDirectory.GoodPlayer.local","DNS/ActiveDirectory.GoodPlayer.local","GC/ActiveDirectory.GoodPlayer.local/GoodPlayer.local","RestrictedKrbHost/ActiveDirectory.GoodPlayer.local","RestrictedKrbHost/ActiveDirectory","RPC/4527a44e-19f3-4a95-9611-8cfafc6fa4b6._msdcs.GoodPlayer.local","HOST/ActiveDirectory/GOODPLAYER","HOST/ActiveDirectory.GoodPlayer.local/GOODPLAYER","HOST/ActiveDirectory","HOST/ActiveDirectory.GoodPlayer.local","HOST/ActiveDirectory.GoodPlayer.local/GoodPlayer.local","E3514235-4B06-11D1-AB04-00C04FC2DCD2/4527a44e-19f3-4a95-9611-8cfafc6fa4b6/GoodPlayer.local","ldap/ActiveDirectory/GOODPLAYER","ldap/4527a44e-19f3-4a95-9611-8cfafc6fa4b6._msdcs.GoodPlayer.local","ldap/ActiveDirectory.GoodPlayer.local/GOODPLAYER","ldap/ActiveDirectory","ldap/ActiveDirectory.GoodPlayer.local","ldap/ActiveDirectory.GoodPlayer.local/GoodPlayer.local"],"email":null,"operatingsystem":"Windows Server 2019 Datacenter","sidhistory":[]},"PrimaryGroupSID":"S-1-5-21-3097585901-318635426-835273833-516","AllowedToDelegate":[],"AllowedToAct":[],"HasSIDHistory":[],"DumpSMSAPassword":[],"Sessions":{"Results":[],"Collected":false,"FailureReason":"ErrorAccessDenied"},"PrivilegedSessions":{"Results":[],"Collected":false,"FailureReason":null},"RegistrySessions":{"Results":[],"Collected":false,"FailureReason":null},"LocalGroups":[{"ObjectIdentifier":"GOODPLAYER.LOCAL-S-1-5-32-549","Name":"IGNOREME","Results":[],"LocalNames":[],"Collected":true,"FailureReason":null},{"ObjectIdentifier":"GOODPLAYER.LOCAL-S-1-5-32-548","Name":"IGNOREME","Results":[],"LocalNames":[],"Collected":true,"FailureReason":null},{"ObjectIdentifier":"GOODPLAYER.LOCAL-S-1-5-32-554","Name":"IGNOREME","Results":[{"ObjectIdentifier":"GOODPLAYER.LOCAL-S-1-5-11","ObjectType":"Group"},{"ObjectIdentifier":"S-1-5-21-3097585901-318635426-835273833-1000","ObjectType":"Computer"}],"LocalNames":[],"Collected":true,"FailureReason":null},{"ObjectIdentifier":"GOODPLAYER.LOCAL-S-1-5-32-557","Name":"IGNOREME","Results":[],"LocalNames":[],"Collected":true,"FailureReason":null},{"ObjectIdentifier":"GOODPLAYER.LOCAL-S-1-5-32-560","Name":"IGNOREME","Results":[{"ObjectIdentifier":"GOODPLAYER.LOCAL-S-1-5-9","ObjectType":"Group"}],"LocalNames":[],"Collected":true,"FailureReason":null},{"ObjectIdentifier":"GOODPLAYER.LOCAL-S-1-5-32-561","Name":"IGNOREME","Results":[],"LocalNames":[],"Collected":true,"FailureReason":null},{"ObjectIdentifier":"GOODPLAYER.LOCAL-S-1-5-32-544","Name":"IGNOREME","Results":[{"ObjectIdentifier":"S-1-5-21-3097585901-318635426-835273833-500","ObjectType":"User"},{"ObjectIdentifier":"S-1-5-21-3097585901-318635426-835273833-519","ObjectType":"Group"},{"ObjectIdentifier":"S-1-5-21-3097585901-318635426-835273833-512","ObjectType":"Group"},{"ObjectIdentifier":"S-1-5-21-3097585901-318635426-835273833-1603","ObjectType":"User"}],"LocalNames":[],"Collected":true,"FailureReason":null},{"ObjectIdentifier":"GOODPLAYER.LOCAL-S-1-5-32-545","Name":"IGNOREME","Results":[{"ObjectIdentifier":"GOODPLAYER.LOCAL-S-1-5-11","ObjectType":"Group"},{"ObjectIdentifier":"S-1-5-21-3097585901-318635426-835273833-513","ObjectType":"Group"}],"LocalNames":[],"Collected":true,"FailureReason":null},{"ObjectIdentifier":"GOODPLAYER.LOCAL-S-1-5-32-546","Name":"IGNOREME","Results":[{"ObjectIdentifier":"S-1-5-21-3097585901-318635426-835273833-501","ObjectType":"User"},{"ObjectIdentifier":"S-1-5-21-3097585901-318635426-835273833-514","ObjectType":"Group"}],"LocalNames":[],"Collected":true,"FailureReason":null},{"ObjectIdentifier":"GOODPLAYER.LOCAL-S-1-5-32-550","Name":"IGNOREME","Results":[],"LocalNames":[],"Collected":true,"FailureReason":null},{"ObjectIdentifier":"GOODPLAYER.LOCAL-S-1-5-32-551","Name":"IGNOREME","Results":[],"LocalNames":[],"Collected":true,"FailureReason":null},{"ObjectIdentifier":"GOODPLAYER.LOCAL-S-1-5-32-552","Name":"IGNOREME","Results":[],"LocalNames":[],"Collected":true,"FailureReason":null},{"ObjectIdentifier":"GOODPLAYER.LOCAL-S-1-5-32-555","Name":"IGNOREME","Results":[],"LocalNames":[],"Collected":true,"FailureReason":null},{"ObjectIdentifier":"GOODPLAYER.LOCAL-S-1-5-32-556","Name":"IGNOREME","Results":[],"LocalNames":[],"Collected":true,"FailureReason":null},{"ObjectIdentifier":"GOODPLAYER.LOCAL-S-1-5-32-558","Name":"IGNOREME","Results":[],"LocalNames":[],"Collected":true,"FailureReason":null},{"ObjectIdentifier":"GOODPLAYER.LOCAL-S-1-5-32-559","Name":"IGNOREME","Results":[],"LocalNames":[],"Collected":true,"FailureReason":null},{"ObjectIdentifier":"GOODPLAYER.LOCAL-S-1-5-32-562","Name":"IGNOREME","Results":[],"LocalNames":[],"Collected":true,"FailureReason":null},{"ObjectIdentifier":"GOODPLAYER.LOCAL-S-1-5-32-568","Name":"IGNOREME","Results":[{"ObjectIdentifier":"GOODPLAYER.LOCAL-S-1-5-17","ObjectType":"Group"}],"LocalNames":[],"Collected":true,"FailureReason":null},{"ObjectIdentifier":"GOODPLAYER.LOCAL-S-1-5-32-569","Name":"IGNOREME","Results":[],"LocalNames":[],"Collected":true,"FailureReason":null},{"ObjectIdentifier":"GOODPLAYER.LOCAL-S-1-5-32-573","Name":"IGNOREME","Results":[],"LocalNames":[],"Collected":true,"FailureReason":null},{"ObjectIdentifier":"GOODPLAYER.LOCAL-S-1-5-32-574","Name":"IGNOREME","Results":[{"ObjectIdentifier":"GOODPLAYER.LOCAL-S-1-5-11","ObjectType":"Group"}],"LocalNames":[],"Collected":true,"FailureReason":null},{"ObjectIdentifier":"GOODPLAYER.LOCAL-S-1-5-32-575","Name":"IGNOREME","Results":[],"LocalNames":[],"Collected":true,"FailureReason":null},{"ObjectIdentifier":"GOODPLAYER.LOCAL-S-1-5-32-576","Name":"IGNOREME","Results":[],"LocalNames":[],"Collected":true,"FailureReason":null},{"ObjectIdentifier":"GOODPLAYER.LOCAL-S-1-5-32-577","Name":"IGNOREME","Results":[],"LocalNames":[],"Collected":true,"FailureReason":null},{"ObjectIdentifier":"GOODPLAYER.LOCAL-S-1-5-32-578","Name":"IGNOREME","Results":[],"LocalNames":[],"Collected":true,"FailureReason":null},{"ObjectIdentifier":"GOODPLAYER.LOCAL-S-1-5-32-579","Name":"IGNOREME","Results":[],"LocalNames":[],"Collected":true,"FailureReason":null},{"ObjectIdentifier":"GOODPLAYER.LOCAL-S-1-5-32-580","Name":"IGNOREME","Results":[],"LocalNames":[],"Collected":true,"FailureReason":null},{"ObjectIdentifier":"GOODPLAYER.LOCAL-S-1-5-32-582","Name":"IGNOREME","Results":[],"LocalNames":[],"Collected":true,"FailureReason":null}],"UserRights":[],"DCRegistryData":{"CertificateMappingMethods":null,"StrongCertificateBindingEnforcement":null},"Status":null,"IsDC":true,"DomainSID":"S-1-5-21-3097585901-318635426-835273833","Aces":[{"PrincipalSID":"S-1-5-21-3097585901-318635426-835273833-512","PrincipalType":"Group","RightName":"Owns","IsInherited":false},{"PrincipalSID":"S-1-5-21-3097585901-318635426-835273833-512","PrincipalType":"Group","RightName":"GenericAll","IsInherited":false},{"PrincipalSID":"S-1-5-21-3097585901-318635426-835273833-526","PrincipalType":"Group","RightName":"AddKeyCredentialLink","IsInherited":true},{"PrincipalSID":"S-1-5-21-3097585901-318635426-835273833-527","PrincipalType":"Group","RightName":"AddKeyCredentialLink","IsInherited":true},{"PrincipalSID":"S-1-5-21-3097585901-318635426-835273833-519","PrincipalType":"Group","RightName":"GenericAll","IsInherited":true},{"PrincipalSID":"GOODPLAYER.LOCAL-S-1-5-32-544","PrincipalType":"Group","RightName":"WriteDacl","IsInherited":true},{"PrincipalSID":"GOODPLAYER.LOCAL-S-1-5-32-544","PrincipalType":"Group","RightName":"WriteOwner","IsInherited":true},{"PrincipalSID":"GOODPLAYER.LOCAL-S-1-5-32-544","PrincipalType":"Group","RightName":"GenericWrite","IsInherited":true}],"ObjectIdentifier":"S-1-5-21-3097585901-318635426-835273833-1000","IsDeleted":false,"IsACLProtected":false,"ContainedBy":{"ObjectIdentifier":"244C4920-D067-4CEA-8C90-4A83BEC79D8B","ObjectType":"OU"}}],"meta":{"methods":291819,"type":"computers","count":3,"version":6}}