{"data":[{"Properties":{"domain":"GOODPLAYER.LOCAL","name":"NTAUTHCERTIFICATES@GOODPLAYER.LOCAL","distinguishedname":"CN=NTAUTHCERTIFICATES,CN=PUBLIC KEY SERVICES,CN=SERVICES,CN=CONFIGURATION,DC=GOODPLAYER,DC=LOCAL","domainsid":"S-1-5-21-3097585901-318635426-835273833","isaclprotected":false,"certthumbprints":["FFFE6382C3F44F74FFC6E3B4C914EF6B75DCE883"],"description":null,"whencreated":1706084593},"DomainSID":"S-1-5-21-3097585901-318635426-835273833","Aces":[{"PrincipalSID":"S-1-5-21-3097585901-318635426-835273833-519","PrincipalType":"Group","RightName":"Owns","IsInherited":false},{"PrincipalSID":"GOODPLAYER.LOCAL-S-1-5-32-544","PrincipalType":"Group","RightName":"GenericAll","IsInherited":false},{"PrincipalSID":"S-1-5-21-3097585901-318635426-835273833-512","PrincipalType":"Group","RightName":"GenericAll","IsInherited":false},{"PrincipalSID":"S-1-5-21-3097585901-318635426-835273833-519","PrincipalType":"Group","RightName":"GenericAll","IsInherited":false},{"PrincipalSID":"S-1-5-21-3097585901-318635426-835273833-519","PrincipalType":"Group","RightName":"GenericAll","IsInherited":true},{"PrincipalSID":"S-1-5-21-3097585901-318635426-835273833-512","PrincipalType":"Group","RightName":"WriteDacl","IsInherited":true},{"PrincipalSID":"S-1-5-21-3097585901-318635426-835273833-512","PrincipalType":"Group","RightName":"WriteOwner","IsInherited":true}],"ObjectIdentifier":"54E92CF8-E181-438B-AEFA-7BF69FBF9D8B","IsDeleted":false,"IsACLProtected":false,"ContainedBy":{"ObjectIdentifier":"DDEDD8D7-1722-4CF9-B1D0-8214B7F78F01","ObjectType":"Container"}}],"meta":{"methods":291819,"type":"ntauthstores","count":1,"version":6}}