{"data":[{"Properties":{"domain":"GOODPLAYER.LOCAL","name":"KRBTGT@GOODPLAYER.LOCAL","distinguishedname":"CN=KRBTGT,CN=USERS,DC=GOODPLAYER,DC=LOCAL","domainsid":"S-1-5-21-3097585901-318635426-835273833","samaccountname":"krbtgt","isaclprotected":true,"description":"Key Distribution Center Service Account","whencreated":1706082677,"sensitive":false,"dontreqpreauth":false,"passwordnotreqd":false,"unconstraineddelegation":false,"pwdneverexpires":false,"enabled":false,"trustedtoauth":false,"lastlogon":0,"lastlogontimestamp":-1,"pwdlastset":1706082677,"serviceprincipalnames":["kadmin/changepw"],"hasspn":true,"displayname":null,"email":null,"title":null,"homedirectory":null,"userpassword":null,"unixpassword":null,"unicodepassword":null,"sfupassword":null,"logonscript":null,"admincount":true,"sidhistory":[]},"AllowedToDelegate":[],"PrimaryGroupSID":"S-1-5-21-3097585901-318635426-835273833-513","HasSIDHistory":[],"SPNTargets":[],"Aces":[{"PrincipalSID":"S-1-5-21-3097585901-318635426-835273833-512","PrincipalType":"Group","RightName":"Owns","IsInherited":false},{"PrincipalSID":"GOODPLAYER.LOCAL-S-1-5-32-544","PrincipalType":"Group","RightName":"WriteDacl","IsInherited":false},{"PrincipalSID":"GOODPLAYER.LOCAL-S-1-5-32-544","PrincipalType":"Group","RightName":"WriteOwner","IsInherited":false},{"PrincipalSID":"GOODPLAYER.LOCAL-S-1-5-32-544","PrincipalType":"Group","RightName":"AllExtendedRights","IsInherited":false},{"PrincipalSID":"GOODPLAYER.LOCAL-S-1-5-32-544","PrincipalType":"Group","RightName":"GenericWrite","IsInherited":false},{"PrincipalSID":"S-1-5-21-3097585901-318635426-835273833-512","PrincipalType":"Group","RightName":"WriteDacl","IsInherited":false},{"PrincipalSID":"S-1-5-21-3097585901-318635426-835273833-512","PrincipalType":"Group","RightName":"WriteOwner","IsInherited":false},{"PrincipalSID":"S-1-5-21-3097585901-318635426-835273833-512","PrincipalType":"Group","RightName":"AllExtendedRights","IsInherited":false},{"PrincipalSID":"S-1-5-21-3097585901-318635426-835273833-512","PrincipalType":"Group","RightName":"GenericWrite","IsInherited":false},{"PrincipalSID":"S-1-5-21-3097585901-318635426-835273833-519","PrincipalType":"Group","RightName":"WriteDacl","IsInherited":false},{"PrincipalSID":"S-1-5-21-3097585901-318635426-835273833-519","PrincipalType":"Group","RightName":"WriteOwner","IsInherited":false},{"PrincipalSID":"S-1-5-21-3097585901-318635426-835273833-519","PrincipalType":"Group","RightName":"AllExtendedRights","IsInherited":false},{"PrincipalSID":"S-1-5-21-3097585901-318635426-835273833-519","PrincipalType":"Group","RightName":"GenericWrite","IsInherited":false}],"ObjectIdentifier":"S-1-5-21-3097585901-318635426-835273833-502","IsDeleted":false,"IsACLProtected":true,"ContainedBy":{"ObjectIdentifier":"A6708D3C-5B07-4AB3-A7A5-D8E66C9B0AD3","ObjectType":"Container"}},{"Properties":{"domain":"GOODPLAYER.LOCAL","name":"GUEST@GOODPLAYER.LOCAL","distinguishedname":"CN=GUEST,CN=USERS,DC=GOODPLAYER,DC=LOCAL","domainsid":"S-1-5-21-3097585901-318635426-835273833","samaccountname":"Guest","isaclprotected":false,"description":"Built-in account for guest access to the computer/domain","whencreated":1706082632,"sensitive":false,"dontreqpreauth":false,"passwordnotreqd":true,"unconstraineddelegation":false,"pwdneverexpires":true,"enabled":false,"trustedtoauth":false,"lastlogon":0,"lastlogontimestamp":-1,"pwdlastset":0,"serviceprincipalnames":[],"hasspn":false,"displayname":null,"email":null,"title":null,"homedirectory":null,"userpassword":null,"unixpassword":null,"unicodepassword":null,"sfupassword":null,"logonscript":null,"admincount":false,"sidhistory":[]},"AllowedToDelegate":[],"PrimaryGroupSID":"S-1-5-21-3097585901-318635426-835273833-514","HasSIDHistory":[],"SPNTargets":[],"Aces":[{"PrincipalSID":"GOODPLAYER.LOCAL-S-1-5-32-544","PrincipalType":"Group","RightName":"Owns","IsInherited":false},{"PrincipalSID":"GOODPLAYER.LOCAL-S-1-5-32-548","PrincipalType":"Group","RightName":"GenericAll","IsInherited":false},{"PrincipalSID":"S-1-5-21-3097585901-318635426-835273833-512","PrincipalType":"Group","RightName":"GenericAll","IsInherited":false},{"PrincipalSID":"S-1-5-21-3097585901-318635426-835273833-526","PrincipalType":"Group","RightName":"AddKeyCredentialLink","IsInherited":true},{"PrincipalSID":"S-1-5-21-3097585901-318635426-835273833-527","PrincipalType":"Group","RightName":"AddKeyCredentialLink","IsInherited":true},{"PrincipalSID":"S-1-5-21-3097585901-318635426-835273833-519","PrincipalType":"Group","RightName":"GenericAll","IsInherited":true},{"PrincipalSID":"GOODPLAYER.LOCAL-S-1-5-32-544","PrincipalType":"Group","RightName":"WriteDacl","IsInherited":true},{"PrincipalSID":"GOODPLAYER.LOCAL-S-1-5-32-544","PrincipalType":"Group","RightName":"WriteOwner","IsInherited":true},{"PrincipalSID":"GOODPLAYER.LOCAL-S-1-5-32-544","PrincipalType":"Group","RightName":"AllExtendedRights","IsInherited":true},{"PrincipalSID":"GOODPLAYER.LOCAL-S-1-5-32-544","PrincipalType":"Group","RightName":"GenericWrite","IsInherited":true}],"ObjectIdentifier":"S-1-5-21-3097585901-318635426-835273833-501","IsDeleted":false,"IsACLProtected":false,"ContainedBy":{"ObjectIdentifier":"A6708D3C-5B07-4AB3-A7A5-D8E66C9B0AD3","ObjectType":"Container"}},{"Properties":{"domain":"GOODPLAYER.LOCAL","name":"SQLSERVICE@GOODPLAYER.LOCAL","distinguishedname":"CN=SQL SERVICE,CN=USERS,DC=GOODPLAYER,DC=LOCAL","domainsid":"S-1-5-21-3097585901-318635426-835273833","samaccountname":"SQLService","isaclprotected":true,"description":"Password is Password1234","whencreated":1706085271,"sensitive":false,"dontreqpreauth":false,"passwordnotreqd":false,"unconstraineddelegation":false,"pwdneverexpires":false,"enabled":true,"trustedtoauth":false,"lastlogon":0,"lastlogontimestamp":-1,"pwdlastset":1706085271,"serviceprincipalnames":["GOODPLAYER/SQLService.GOODPLAYER.local:60111"],"hasspn":true,"displayname":"SQL Service","email":null,"title":null,"homedirectory":null,"userpassword":null,"unixpassword":null,"unicodepassword":null,"sfupassword":null,"logonscript":null,"admincount":true,"sidhistory":[]},"AllowedToDelegate":[],"PrimaryGroupSID":"S-1-5-21-3097585901-318635426-835273833-513","HasSIDHistory":[],"SPNTargets":[],"Aces":[{"PrincipalSID":"S-1-5-21-3097585901-318635426-835273833-512","PrincipalType":"Group","RightName":"Owns","IsInherited":false},{"PrincipalSID":"GOODPLAYER.LOCAL-S-1-5-32-544","PrincipalType":"Group","RightName":"WriteDacl","IsInherited":false},{"PrincipalSID":"GOODPLAYER.LOCAL-S-1-5-32-544","PrincipalType":"Group","RightName":"WriteOwner","IsInherited":false},{"PrincipalSID":"GOODPLAYER.LOCAL-S-1-5-32-544","PrincipalType":"Group","RightName":"AllExtendedRights","IsInherited":false},{"PrincipalSID":"GOODPLAYER.LOCAL-S-1-5-32-544","PrincipalType":"Group","RightName":"GenericWrite","IsInherited":false},{"PrincipalSID":"S-1-5-21-3097585901-318635426-835273833-512","PrincipalType":"Group","RightName":"WriteDacl","IsInherited":false},{"PrincipalSID":"S-1-5-21-3097585901-318635426-835273833-512","PrincipalType":"Group","RightName":"WriteOwner","IsInherited":false},{"PrincipalSID":"S-1-5-21-3097585901-318635426-835273833-512","PrincipalType":"Group","RightName":"AllExtendedRights","IsInherited":false},{"PrincipalSID":"S-1-5-21-3097585901-318635426-835273833-512","PrincipalType":"Group","RightName":"GenericWrite","IsInherited":false},{"PrincipalSID":"S-1-5-21-3097585901-318635426-835273833-519","PrincipalType":"Group","RightName":"WriteDacl","IsInherited":false},{"PrincipalSID":"S-1-5-21-3097585901-318635426-835273833-519","PrincipalType":"Group","RightName":"WriteOwner","IsInherited":false},{"PrincipalSID":"S-1-5-21-3097585901-318635426-835273833-519","PrincipalType":"Group","RightName":"AllExtendedRights","IsInherited":false},{"PrincipalSID":"S-1-5-21-3097585901-318635426-835273833-519","PrincipalType":"Group","RightName":"GenericWrite","IsInherited":false}],"ObjectIdentifier":"S-1-5-21-3097585901-318635426-835273833-1603","IsDeleted":false,"IsACLProtected":true,"ContainedBy":{"ObjectIdentifier":"A6708D3C-5B07-4AB3-A7A5-D8E66C9B0AD3","ObjectType":"Container"}},{"Properties":{"domain":"GOODPLAYER.LOCAL","name":"GREDDY@GOODPLAYER.LOCAL","distinguishedname":"CN=GANGI REDDY,CN=USERS,DC=GOODPLAYER,DC=LOCAL","domainsid":"S-1-5-21-3097585901-318635426-835273833","samaccountname":"greddy","isaclprotected":false,"description":null,"whencreated":1706085202,"sensitive":false,"dontreqpreauth":false,"passwordnotreqd":false,"unconstraineddelegation":false,"pwdneverexpires":true,"enabled":true,"trustedtoauth":false,"lastlogon":1706158994,"lastlogontimestamp":1706158988,"pwdlastset":1706085202,"serviceprincipalnames":[],"hasspn":false,"displayname":"Gangi Reddy","email":null,"title":null,"homedirectory":null,"userpassword":null,"unixpassword":null,"unicodepassword":null,"sfupassword":null,"logonscript":null,"admincount":false,"sidhistory":[]},"AllowedToDelegate":[],"PrimaryGroupSID":"S-1-5-21-3097585901-318635426-835273833-513","HasSIDHistory":[],"SPNTargets":[],"Aces":[{"PrincipalSID":"S-1-5-21-3097585901-318635426-835273833-512","PrincipalType":"Group","RightName":"Owns","IsInherited":false},{"PrincipalSID":"GOODPLAYER.LOCAL-S-1-5-32-548","PrincipalType":"Group","RightName":"GenericAll","IsInherited":false},{"PrincipalSID":"S-1-5-21-3097585901-318635426-835273833-512","PrincipalType":"Group","RightName":"GenericAll","IsInherited":false},{"PrincipalSID":"S-1-5-21-3097585901-318635426-835273833-526","PrincipalType":"Group","RightName":"AddKeyCredentialLink","IsInherited":true},{"PrincipalSID":"S-1-5-21-3097585901-318635426-835273833-527","PrincipalType":"Group","RightName":"AddKeyCredentialLink","IsInherited":true},{"PrincipalSID":"S-1-5-21-3097585901-318635426-835273833-519","PrincipalType":"Group","RightName":"GenericAll","IsInherited":true},{"PrincipalSID":"GOODPLAYER.LOCAL-S-1-5-32-544","PrincipalType":"Group","RightName":"WriteDacl","IsInherited":true},{"PrincipalSID":"GOODPLAYER.LOCAL-S-1-5-32-544","PrincipalType":"Group","RightName":"WriteOwner","IsInherited":true},{"PrincipalSID":"GOODPLAYER.LOCAL-S-1-5-32-544","PrincipalType":"Group","RightName":"AllExtendedRights","IsInherited":true},{"PrincipalSID":"GOODPLAYER.LOCAL-S-1-5-32-544","PrincipalType":"Group","RightName":"GenericWrite","IsInherited":true}],"ObjectIdentifier":"S-1-5-21-3097585901-318635426-835273833-1602","IsDeleted":false,"IsACLProtected":false,"ContainedBy":{"ObjectIdentifier":"A6708D3C-5B07-4AB3-A7A5-D8E66C9B0AD3","ObjectType":"Container"}},{"Properties":{"domain":"GOODPLAYER.LOCAL","name":"KREDDY@GOODPLAYER.LOCAL","distinguishedname":"CN=KAUSHIK REDDY,CN=USERS,DC=GOODPLAYER,DC=LOCAL","domainsid":"S-1-5-21-3097585901-318635426-835273833","samaccountname":"kreddy","isaclprotected":false,"description":null,"whencreated":1706085160,"sensitive":false,"dontreqpreauth":false,"passwordnotreqd":false,"unconstraineddelegation":false,"pwdneverexpires":true,"enabled":true,"trustedtoauth":false,"lastlogon":1706159147,"lastlogontimestamp":1706159140,"pwdlastset":1706085160,"serviceprincipalnames":[],"hasspn":false,"displayname":"Kaushik Reddy","email":null,"title":null,"homedirectory":null,"userpassword":null,"unixpassword":null,"unicodepassword":null,"sfupassword":null,"logonscript":null,"admincount":false,"sidhistory":[]},"AllowedToDelegate":[],"PrimaryGroupSID":"S-1-5-21-3097585901-318635426-835273833-513","HasSIDHistory":[],"SPNTargets":[],"Aces":[{"PrincipalSID":"S-1-5-21-3097585901-318635426-835273833-512","PrincipalType":"Group","RightName":"Owns","IsInherited":false},{"PrincipalSID":"GOODPLAYER.LOCAL-S-1-5-32-548","PrincipalType":"Group","RightName":"GenericAll","IsInherited":false},{"PrincipalSID":"S-1-5-21-3097585901-318635426-835273833-512","PrincipalType":"Group","RightName":"GenericAll","IsInherited":false},{"PrincipalSID":"S-1-5-21-3097585901-318635426-835273833-526","PrincipalType":"Group","RightName":"AddKeyCredentialLink","IsInherited":true},{"PrincipalSID":"S-1-5-21-3097585901-318635426-835273833-527","PrincipalType":"Group","RightName":"AddKeyCredentialLink","IsInherited":true},{"PrincipalSID":"S-1-5-21-3097585901-318635426-835273833-519","PrincipalType":"Group","RightName":"GenericAll","IsInherited":true},{"PrincipalSID":"GOODPLAYER.LOCAL-S-1-5-32-544","PrincipalType":"Group","RightName":"WriteDacl","IsInherited":true},{"PrincipalSID":"GOODPLAYER.LOCAL-S-1-5-32-544","PrincipalType":"Group","RightName":"WriteOwner","IsInherited":true},{"PrincipalSID":"GOODPLAYER.LOCAL-S-1-5-32-544","PrincipalType":"Group","RightName":"AllExtendedRights","IsInherited":true},{"PrincipalSID":"GOODPLAYER.LOCAL-S-1-5-32-544","PrincipalType":"Group","RightName":"GenericWrite","IsInherited":true}],"ObjectIdentifier":"S-1-5-21-3097585901-318635426-835273833-1601","IsDeleted":false,"IsACLProtected":false,"ContainedBy":{"ObjectIdentifier":"A6708D3C-5B07-4AB3-A7A5-D8E66C9B0AD3","ObjectType":"Container"}},{"Properties":{"domain":"GOODPLAYER.LOCAL","name":"GOODPLAYER@GOODPLAYER.LOCAL","distinguishedname":"CN=GOODPLAYER,CN=USERS,DC=GOODPLAYER,DC=LOCAL","domainsid":"S-1-5-21-3097585901-318635426-835273833","samaccountname":"goodplayer","isaclprotected":true,"description":"Built-in account for administering the computer/domain","whencreated":1706082631,"sensitive":false,"dontreqpreauth":false,"passwordnotreqd":false,"unconstraineddelegation":false,"pwdneverexpires":false,"enabled":true,"trustedtoauth":false,"lastlogon":1706159770,"lastlogontimestamp":1706083615,"pwdlastset":1706052644,"serviceprincipalnames":[],"hasspn":false,"displayname":null,"email":null,"title":null,"homedirectory":null,"userpassword":null,"unixpassword":null,"unicodepassword":null,"sfupassword":null,"logonscript":null,"admincount":true,"sidhistory":[]},"AllowedToDelegate":[],"PrimaryGroupSID":"S-1-5-21-3097585901-318635426-835273833-513","HasSIDHistory":[],"SPNTargets":[],"Aces":[{"PrincipalSID":"S-1-5-21-3097585901-318635426-835273833-512","PrincipalType":"Group","RightName":"Owns","IsInherited":false},{"PrincipalSID":"GOODPLAYER.LOCAL-S-1-5-32-544","PrincipalType":"Group","RightName":"WriteDacl","IsInherited":false},{"PrincipalSID":"GOODPLAYER.LOCAL-S-1-5-32-544","PrincipalType":"Group","RightName":"WriteOwner","IsInherited":false},{"PrincipalSID":"GOODPLAYER.LOCAL-S-1-5-32-544","PrincipalType":"Group","RightName":"AllExtendedRights","IsInherited":false},{"PrincipalSID":"GOODPLAYER.LOCAL-S-1-5-32-544","PrincipalType":"Group","RightName":"GenericWrite","IsInherited":false},{"PrincipalSID":"S-1-5-21-3097585901-318635426-835273833-512","PrincipalType":"Group","RightName":"WriteDacl","IsInherited":false},{"PrincipalSID":"S-1-5-21-3097585901-318635426-835273833-512","PrincipalType":"Group","RightName":"WriteOwner","IsInherited":false},{"PrincipalSID":"S-1-5-21-3097585901-318635426-835273833-512","PrincipalType":"Group","RightName":"AllExtendedRights","IsInherited":false},{"PrincipalSID":"S-1-5-21-3097585901-318635426-835273833-512","PrincipalType":"Group","RightName":"GenericWrite","IsInherited":false},{"PrincipalSID":"S-1-5-21-3097585901-318635426-835273833-519","PrincipalType":"Group","RightName":"WriteDacl","IsInherited":false},{"PrincipalSID":"S-1-5-21-3097585901-318635426-835273833-519","PrincipalType":"Group","RightName":"WriteOwner","IsInherited":false},{"PrincipalSID":"S-1-5-21-3097585901-318635426-835273833-519","PrincipalType":"Group","RightName":"AllExtendedRights","IsInherited":false},{"PrincipalSID":"S-1-5-21-3097585901-318635426-835273833-519","PrincipalType":"Group","RightName":"GenericWrite","IsInherited":false}],"ObjectIdentifier":"S-1-5-21-3097585901-318635426-835273833-500","IsDeleted":false,"IsACLProtected":true,"ContainedBy":{"ObjectIdentifier":"A6708D3C-5B07-4AB3-A7A5-D8E66C9B0AD3","ObjectType":"Container"}}],"meta":{"methods":291819,"type":"users","count":6,"version":6}}