{"data":[{"Properties":{"domain":"GOODPLAYER.LOCAL","name":"DOMAIN CONTROLLERS@GOODPLAYER.LOCAL","distinguishedname":"CN=DOMAIN CONTROLLERS,OU=GROUPS,DC=GOODPLAYER,DC=LOCAL","domainsid":"S-1-5-21-3097585901-318635426-835273833","samaccountname":"Domain Controllers","isaclprotected":true,"description":"All domain controllers in the domain","whencreated":1706082677,"admincount":true},"Members":[],"Aces":[{"PrincipalSID":"S-1-5-21-3097585901-318635426-835273833-512","PrincipalType":"Group","RightName":"Owns","IsInherited":false},{"PrincipalSID":"GOODPLAYER.LOCAL-S-1-5-32-544","PrincipalType":"Group","RightName":"WriteDacl","IsInherited":false},{"PrincipalSID":"GOODPLAYER.LOCAL-S-1-5-32-544","PrincipalType":"Group","RightName":"WriteOwner","IsInherited":false},{"PrincipalSID":"GOODPLAYER.LOCAL-S-1-5-32-544","PrincipalType":"Group","RightName":"GenericWrite","IsInherited":false},{"PrincipalSID":"S-1-5-21-3097585901-318635426-835273833-512","PrincipalType":"Group","RightName":"WriteDacl","IsInherited":false},{"PrincipalSID":"S-1-5-21-3097585901-318635426-835273833-512","PrincipalType":"Group","RightName":"WriteOwner","IsInherited":false},{"PrincipalSID":"S-1-5-21-3097585901-318635426-835273833-512","PrincipalType":"Group","RightName":"GenericWrite","IsInherited":false},{"PrincipalSID":"S-1-5-21-3097585901-318635426-835273833-519","PrincipalType":"Group","RightName":"WriteDacl","IsInherited":false},{"PrincipalSID":"S-1-5-21-3097585901-318635426-835273833-519","PrincipalType":"Group","RightName":"WriteOwner","IsInherited":false},{"PrincipalSID":"S-1-5-21-3097585901-318635426-835273833-519","PrincipalType":"Group","RightName":"GenericWrite","IsInherited":false}],"ObjectIdentifier":"S-1-5-21-3097585901-318635426-835273833-516","IsDeleted":false,"IsACLProtected":true,"ContainedBy":{"ObjectIdentifier":"D1BEE513-86E7-4BB1-AC7B-92C9745AE0EC","ObjectType":"OU"}},{"Properties":{"domain":"GOODPLAYER.LOCAL","name":"DOMAIN GUESTS@GOODPLAYER.LOCAL","distinguishedname":"CN=DOMAIN GUESTS,OU=GROUPS,DC=GOODPLAYER,DC=LOCAL","domainsid":"S-1-5-21-3097585901-318635426-835273833","samaccountname":"Domain Guests","isaclprotected":false,"description":"All domain guests","whencreated":1706082678,"admincount":false},"Members":[],"Aces":[{"PrincipalSID":"S-1-5-21-3097585901-318635426-835273833-512","PrincipalType":"Group","RightName":"Owns","IsInherited":false},{"PrincipalSID":"GOODPLAYER.LOCAL-S-1-5-32-548","PrincipalType":"Group","RightName":"GenericAll","IsInherited":false},{"PrincipalSID":"S-1-5-21-3097585901-318635426-835273833-512","PrincipalType":"Group","RightName":"GenericAll","IsInherited":false},{"PrincipalSID":"S-1-5-21-3097585901-318635426-835273833-519","PrincipalType":"Group","RightName":"GenericAll","IsInherited":true},{"PrincipalSID":"GOODPLAYER.LOCAL-S-1-5-32-544","PrincipalType":"Group","RightName":"WriteDacl","IsInherited":true},{"PrincipalSID":"GOODPLAYER.LOCAL-S-1-5-32-544","PrincipalType":"Group","RightName":"WriteOwner","IsInherited":true},{"PrincipalSID":"GOODPLAYER.LOCAL-S-1-5-32-544","PrincipalType":"Group","RightName":"GenericWrite","IsInherited":true}],"ObjectIdentifier":"S-1-5-21-3097585901-318635426-835273833-514","IsDeleted":false,"IsACLProtected":false,"ContainedBy":{"ObjectIdentifier":"D1BEE513-86E7-4BB1-AC7B-92C9745AE0EC","ObjectType":"OU"}},{"Properties":{"domain":"GOODPLAYER.LOCAL","name":"DOMAIN COMPUTERS@GOODPLAYER.LOCAL","distinguishedname":"CN=DOMAIN COMPUTERS,OU=GROUPS,DC=GOODPLAYER,DC=LOCAL","domainsid":"S-1-5-21-3097585901-318635426-835273833","samaccountname":"Domain Computers","isaclprotected":false,"description":"All workstations and servers joined to the domain","whencreated":1706082677,"admincount":false},"Members":[],"Aces":[{"PrincipalSID":"S-1-5-21-3097585901-318635426-835273833-512","PrincipalType":"Group","RightName":"Owns","IsInherited":false},{"PrincipalSID":"GOODPLAYER.LOCAL-S-1-5-32-548","PrincipalType":"Group","RightName":"GenericAll","IsInherited":false},{"PrincipalSID":"S-1-5-21-3097585901-318635426-835273833-512","PrincipalType":"Group","RightName":"GenericAll","IsInherited":false},{"PrincipalSID":"S-1-5-21-3097585901-318635426-835273833-519","PrincipalType":"Group","RightName":"GenericAll","IsInherited":true},{"PrincipalSID":"GOODPLAYER.LOCAL-S-1-5-32-544","PrincipalType":"Group","RightName":"WriteDacl","IsInherited":true},{"PrincipalSID":"GOODPLAYER.LOCAL-S-1-5-32-544","PrincipalType":"Group","RightName":"WriteOwner","IsInherited":true},{"PrincipalSID":"GOODPLAYER.LOCAL-S-1-5-32-544","PrincipalType":"Group","RightName":"GenericWrite","IsInherited":true}],"ObjectIdentifier":"S-1-5-21-3097585901-318635426-835273833-515","IsDeleted":false,"IsACLProtected":false,"ContainedBy":{"ObjectIdentifier":"D1BEE513-86E7-4BB1-AC7B-92C9745AE0EC","ObjectType":"OU"}},{"Properties":{"domain":"GOODPLAYER.LOCAL","name":"DNSADMINS@GOODPLAYER.LOCAL","distinguishedname":"CN=DNSADMINS,OU=GROUPS,DC=GOODPLAYER,DC=LOCAL","domainsid":"S-1-5-21-3097585901-318635426-835273833","samaccountname":"DnsAdmins","isaclprotected":false,"description":"DNS Administrators Group","whencreated":1706082720,"admincount":false},"Members":[],"Aces":[{"PrincipalSID":"GOODPLAYER.LOCAL-S-1-5-32-548","PrincipalType":"Group","RightName":"GenericAll","IsInherited":false},{"PrincipalSID":"S-1-5-21-3097585901-318635426-835273833-512","PrincipalType":"Group","RightName":"GenericAll","IsInherited":false},{"PrincipalSID":"S-1-5-21-3097585901-318635426-835273833-519","PrincipalType":"Group","RightName":"GenericAll","IsInherited":true},{"PrincipalSID":"GOODPLAYER.LOCAL-S-1-5-32-544","PrincipalType":"Group","RightName":"WriteDacl","IsInherited":true},{"PrincipalSID":"GOODPLAYER.LOCAL-S-1-5-32-544","PrincipalType":"Group","RightName":"WriteOwner","IsInherited":true},{"PrincipalSID":"GOODPLAYER.LOCAL-S-1-5-32-544","PrincipalType":"Group","RightName":"GenericWrite","IsInherited":true}],"ObjectIdentifier":"S-1-5-21-3097585901-318635426-835273833-1101","IsDeleted":false,"IsACLProtected":false,"ContainedBy":{"ObjectIdentifier":"D1BEE513-86E7-4BB1-AC7B-92C9745AE0EC","ObjectType":"OU"}},{"Properties":{"domain":"GOODPLAYER.LOCAL","name":"ACCESS CONTROL ASSISTANCE OPERATORS@GOODPLAYER.LOCAL","distinguishedname":"CN=ACCESS CONTROL ASSISTANCE OPERATORS,CN=BUILTIN,DC=GOODPLAYER,DC=LOCAL","domainsid":"S-1-5-21-3097585901-318635426-835273833","samaccountname":"Access Control Assistance Operators","isaclprotected":false,"description":"Members of this group can remotely query authorization attributes and permissions for resources on this computer.","whencreated":1706082632,"admincount":false},"Members":[],"Aces":[{"PrincipalSID":"GOODPLAYER.LOCAL-S-1-5-32-544","PrincipalType":"Group","RightName":"Owns","IsInherited":false},{"PrincipalSID":"GOODPLAYER.LOCAL-S-1-5-32-548","PrincipalType":"Group","RightName":"GenericAll","IsInherited":false},{"PrincipalSID":"S-1-5-21-3097585901-318635426-835273833-512","PrincipalType":"Group","RightName":"GenericAll","IsInherited":false},{"PrincipalSID":"S-1-5-21-3097585901-318635426-835273833-519","PrincipalType":"Group","RightName":"GenericAll","IsInherited":true},{"PrincipalSID":"GOODPLAYER.LOCAL-S-1-5-32-544","PrincipalType":"Group","RightName":"WriteDacl","IsInherited":true},{"PrincipalSID":"GOODPLAYER.LOCAL-S-1-5-32-544","PrincipalType":"Group","RightName":"WriteOwner","IsInherited":true},{"PrincipalSID":"GOODPLAYER.LOCAL-S-1-5-32-544","PrincipalType":"Group","RightName":"GenericWrite","IsInherited":true}],"ObjectIdentifier":"GOODPLAYER.LOCAL-S-1-5-32-579","IsDeleted":false,"IsACLProtected":false,"ContainedBy":{"ObjectIdentifier":"S-1-5-32","ObjectType":"Base"}},{"Properties":{"domain":"GOODPLAYER.LOCAL","name":"ADMINISTRATORS@GOODPLAYER.LOCAL","distinguishedname":"CN=ADMINISTRATORS,CN=BUILTIN,DC=GOODPLAYER,DC=LOCAL","domainsid":"S-1-5-21-3097585901-318635426-835273833","samaccountname":"Administrators","isaclprotected":true,"description":"Administrators have complete and unrestricted access to the computer/domain","whencreated":1706082632,"admincount":true},"Members":[{"ObjectIdentifier":"S-1-5-21-3097585901-318635426-835273833-1603","ObjectType":"User"},{"ObjectIdentifier":"S-1-5-21-3097585901-318635426-835273833-512","ObjectType":"Group"},{"ObjectIdentifier":"S-1-5-21-3097585901-318635426-835273833-519","ObjectType":"Group"},{"ObjectIdentifier":"S-1-5-21-3097585901-318635426-835273833-500","ObjectType":"User"}],"Aces":[{"PrincipalSID":"S-1-5-21-3097585901-318635426-835273833-512","PrincipalType":"Group","RightName":"Owns","IsInherited":false},{"PrincipalSID":"GOODPLAYER.LOCAL-S-1-5-32-544","PrincipalType":"Group","RightName":"WriteDacl","IsInherited":false},{"PrincipalSID":"GOODPLAYER.LOCAL-S-1-5-32-544","PrincipalType":"Group","RightName":"WriteOwner","IsInherited":false},{"PrincipalSID":"GOODPLAYER.LOCAL-S-1-5-32-544","PrincipalType":"Group","RightName":"GenericWrite","IsInherited":false},{"PrincipalSID":"S-1-5-21-3097585901-318635426-835273833-512","PrincipalType":"Group","RightName":"WriteDacl","IsInherited":false},{"PrincipalSID":"S-1-5-21-3097585901-318635426-835273833-512","PrincipalType":"Group","RightName":"WriteOwner","IsInherited":false},{"PrincipalSID":"S-1-5-21-3097585901-318635426-835273833-512","PrincipalType":"Group","RightName":"GenericWrite","IsInherited":false},{"PrincipalSID":"S-1-5-21-3097585901-318635426-835273833-519","PrincipalType":"Group","RightName":"WriteDacl","IsInherited":false},{"PrincipalSID":"S-1-5-21-3097585901-318635426-835273833-519","PrincipalType":"Group","RightName":"WriteOwner","IsInherited":false},{"PrincipalSID":"S-1-5-21-3097585901-318635426-835273833-519","PrincipalType":"Group","RightName":"GenericWrite","IsInherited":false}],"ObjectIdentifier":"GOODPLAYER.LOCAL-S-1-5-32-544","IsDeleted":false,"IsACLProtected":true,"ContainedBy":{"ObjectIdentifier":"S-1-5-32","ObjectType":"Base"}},{"Properties":{"domain":"GOODPLAYER.LOCAL","name":"SCHEMA ADMINS@GOODPLAYER.LOCAL","distinguishedname":"CN=SCHEMA ADMINS,OU=GROUPS,DC=GOODPLAYER,DC=LOCAL","domainsid":"S-1-5-21-3097585901-318635426-835273833","samaccountname":"Schema Admins","isaclprotected":true,"description":"Designated administrators of the schema","whencreated":1706082677,"admincount":true},"Members":[{"ObjectIdentifier":"S-1-5-21-3097585901-318635426-835273833-1603","ObjectType":"User"},{"ObjectIdentifier":"S-1-5-21-3097585901-318635426-835273833-500","ObjectType":"User"}],"Aces":[{"PrincipalSID":"S-1-5-21-3097585901-318635426-835273833-512","PrincipalType":"Group","RightName":"Owns","IsInherited":false},{"PrincipalSID":"GOODPLAYER.LOCAL-S-1-5-32-544","PrincipalType":"Group","RightName":"WriteDacl","IsInherited":false},{"PrincipalSID":"GOODPLAYER.LOCAL-S-1-5-32-544","PrincipalType":"Group","RightName":"WriteOwner","IsInherited":false},{"PrincipalSID":"GOODPLAYER.LOCAL-S-1-5-32-544","PrincipalType":"Group","RightName":"GenericWrite","IsInherited":false},{"PrincipalSID":"S-1-5-21-3097585901-318635426-835273833-512","PrincipalType":"Group","RightName":"WriteDacl","IsInherited":false},{"PrincipalSID":"S-1-5-21-3097585901-318635426-835273833-512","PrincipalType":"Group","RightName":"WriteOwner","IsInherited":false},{"PrincipalSID":"S-1-5-21-3097585901-318635426-835273833-512","PrincipalType":"Group","RightName":"GenericWrite","IsInherited":false},{"PrincipalSID":"S-1-5-21-3097585901-318635426-835273833-519","PrincipalType":"Group","RightName":"WriteDacl","IsInherited":false},{"PrincipalSID":"S-1-5-21-3097585901-318635426-835273833-519","PrincipalType":"Group","RightName":"WriteOwner","IsInherited":false},{"PrincipalSID":"S-1-5-21-3097585901-318635426-835273833-519","PrincipalType":"Group","RightName":"GenericWrite","IsInherited":false}],"ObjectIdentifier":"S-1-5-21-3097585901-318635426-835273833-518","IsDeleted":false,"IsACLProtected":true,"ContainedBy":{"ObjectIdentifier":"D1BEE513-86E7-4BB1-AC7B-92C9745AE0EC","ObjectType":"OU"}},{"Properties":{"domain":"GOODPLAYER.LOCAL","name":"DENIED RODC PASSWORD REPLICATION GROUP@GOODPLAYER.LOCAL","distinguishedname":"CN=DENIED RODC PASSWORD REPLICATION GROUP,OU=GROUPS,DC=GOODPLAYER,DC=LOCAL","domainsid":"S-1-5-21-3097585901-318635426-835273833","samaccountname":"Denied RODC Password Replication Group","isaclprotected":false,"description":"Members in this group cannot have their passwords replicated to any read-only domain controllers in the domain","whencreated":1706082678,"admincount":false},"Members":[{"ObjectIdentifier":"S-1-5-21-3097585901-318635426-835273833-521","ObjectType":"Group"},{"ObjectIdentifier":"S-1-5-21-3097585901-318635426-835273833-520","ObjectType":"Group"},{"ObjectIdentifier":"S-1-5-21-3097585901-318635426-835273833-512","ObjectType":"Group"},{"ObjectIdentifier":"S-1-5-21-3097585901-318635426-835273833-517","ObjectType":"Group"},{"ObjectIdentifier":"S-1-5-21-3097585901-318635426-835273833-519","ObjectType":"Group"},{"ObjectIdentifier":"S-1-5-21-3097585901-318635426-835273833-518","ObjectType":"Group"},{"ObjectIdentifier":"S-1-5-21-3097585901-318635426-835273833-516","ObjectType":"Group"},{"ObjectIdentifier":"S-1-5-21-3097585901-318635426-835273833-502","ObjectType":"User"}],"Aces":[{"PrincipalSID":"S-1-5-21-3097585901-318635426-835273833-512","PrincipalType":"Group","RightName":"Owns","IsInherited":false},{"PrincipalSID":"GOODPLAYER.LOCAL-S-1-5-32-548","PrincipalType":"Group","RightName":"GenericAll","IsInherited":false},{"PrincipalSID":"S-1-5-21-3097585901-318635426-835273833-512","PrincipalType":"Group","RightName":"GenericAll","IsInherited":false},{"PrincipalSID":"S-1-5-21-3097585901-318635426-835273833-519","PrincipalType":"Group","RightName":"GenericAll","IsInherited":true},{"PrincipalSID":"GOODPLAYER.LOCAL-S-1-5-32-544","PrincipalType":"Group","RightName":"WriteDacl","IsInherited":true},{"PrincipalSID":"GOODPLAYER.LOCAL-S-1-5-32-544","PrincipalType":"Group","RightName":"WriteOwner","IsInherited":true},{"PrincipalSID":"GOODPLAYER.LOCAL-S-1-5-32-544","PrincipalType":"Group","RightName":"GenericWrite","IsInherited":true}],"ObjectIdentifier":"S-1-5-21-3097585901-318635426-835273833-572","IsDeleted":false,"IsACLProtected":false,"ContainedBy":{"ObjectIdentifier":"D1BEE513-86E7-4BB1-AC7B-92C9745AE0EC","ObjectType":"OU"}},{"Properties":{"domain":"GOODPLAYER.LOCAL","name":"DOMAIN ADMINS@GOODPLAYER.LOCAL","distinguishedname":"CN=DOMAIN ADMINS,OU=GROUPS,DC=GOODPLAYER,DC=LOCAL","domainsid":"S-1-5-21-3097585901-318635426-835273833","samaccountname":"Domain Admins","isaclprotected":true,"description":"Designated administrators of the domain","whencreated":1706082678,"admincount":true},"Members":[{"ObjectIdentifier":"S-1-5-21-3097585901-318635426-835273833-1603","ObjectType":"User"},{"ObjectIdentifier":"S-1-5-21-3097585901-318635426-835273833-500","ObjectType":"User"}],"Aces":[{"PrincipalSID":"S-1-5-21-3097585901-318635426-835273833-512","PrincipalType":"Group","RightName":"Owns","IsInherited":false},{"PrincipalSID":"GOODPLAYER.LOCAL-S-1-5-32-544","PrincipalType":"Group","RightName":"WriteDacl","IsInherited":false},{"PrincipalSID":"GOODPLAYER.LOCAL-S-1-5-32-544","PrincipalType":"Group","RightName":"WriteOwner","IsInherited":false},{"PrincipalSID":"GOODPLAYER.LOCAL-S-1-5-32-544","PrincipalType":"Group","RightName":"GenericWrite","IsInherited":false},{"PrincipalSID":"S-1-5-21-3097585901-318635426-835273833-512","PrincipalType":"Group","RightName":"WriteDacl","IsInherited":false},{"PrincipalSID":"S-1-5-21-3097585901-318635426-835273833-512","PrincipalType":"Group","RightName":"WriteOwner","IsInherited":false},{"PrincipalSID":"S-1-5-21-3097585901-318635426-835273833-512","PrincipalType":"Group","RightName":"GenericWrite","IsInherited":false},{"PrincipalSID":"S-1-5-21-3097585901-318635426-835273833-519","PrincipalType":"Group","RightName":"WriteDacl","IsInherited":false},{"PrincipalSID":"S-1-5-21-3097585901-318635426-835273833-519","PrincipalType":"Group","RightName":"WriteOwner","IsInherited":false},{"PrincipalSID":"S-1-5-21-3097585901-318635426-835273833-519","PrincipalType":"Group","RightName":"GenericWrite","IsInherited":false}],"ObjectIdentifier":"S-1-5-21-3097585901-318635426-835273833-512","IsDeleted":false,"IsACLProtected":true,"ContainedBy":{"ObjectIdentifier":"D1BEE513-86E7-4BB1-AC7B-92C9745AE0EC","ObjectType":"OU"}},{"Properties":{"domain":"GOODPLAYER.LOCAL","name":"GROUP POLICY CREATOR OWNERS@GOODPLAYER.LOCAL","distinguishedname":"CN=GROUP POLICY CREATOR OWNERS,OU=GROUPS,DC=GOODPLAYER,DC=LOCAL","domainsid":"S-1-5-21-3097585901-318635426-835273833","samaccountname":"Group Policy Creator Owners","isaclprotected":false,"description":"Members in this group can modify group policy for the domain","whencreated":1706082678,"admincount":false},"Members":[{"ObjectIdentifier":"S-1-5-21-3097585901-318635426-835273833-1603","ObjectType":"User"},{"ObjectIdentifier":"S-1-5-21-3097585901-318635426-835273833-500","ObjectType":"User"}],"Aces":[{"PrincipalSID":"S-1-5-21-3097585901-318635426-835273833-512","PrincipalType":"Group","RightName":"Owns","IsInherited":false},{"PrincipalSID":"GOODPLAYER.LOCAL-S-1-5-32-548","PrincipalType":"Group","RightName":"GenericAll","IsInherited":false},{"PrincipalSID":"S-1-5-21-3097585901-318635426-835273833-512","PrincipalType":"Group","RightName":"GenericAll","IsInherited":false},{"PrincipalSID":"S-1-5-21-3097585901-318635426-835273833-519","PrincipalType":"Group","RightName":"GenericAll","IsInherited":true},{"PrincipalSID":"GOODPLAYER.LOCAL-S-1-5-32-544","PrincipalType":"Group","RightName":"WriteDacl","IsInherited":true},{"PrincipalSID":"GOODPLAYER.LOCAL-S-1-5-32-544","PrincipalType":"Group","RightName":"WriteOwner","IsInherited":true},{"PrincipalSID":"GOODPLAYER.LOCAL-S-1-5-32-544","PrincipalType":"Group","RightName":"GenericWrite","IsInherited":true}],"ObjectIdentifier":"S-1-5-21-3097585901-318635426-835273833-520","IsDeleted":false,"IsACLProtected":false,"ContainedBy":{"ObjectIdentifier":"D1BEE513-86E7-4BB1-AC7B-92C9745AE0EC","ObjectType":"OU"}},{"Properties":{"domain":"GOODPLAYER.LOCAL","name":"READ-ONLY DOMAIN CONTROLLERS@GOODPLAYER.LOCAL","distinguishedname":"CN=READ-ONLY DOMAIN CONTROLLERS,OU=GROUPS,DC=GOODPLAYER,DC=LOCAL","domainsid":"S-1-5-21-3097585901-318635426-835273833","samaccountname":"Read-only Domain Controllers","isaclprotected":true,"description":"Members of this group are Read-Only Domain Controllers in the domain","whencreated":1706082678,"admincount":true},"Members":[],"Aces":[{"PrincipalSID":"S-1-5-21-3097585901-318635426-835273833-512","PrincipalType":"Group","RightName":"Owns","IsInherited":false},{"PrincipalSID":"GOODPLAYER.LOCAL-S-1-5-32-544","PrincipalType":"Group","RightName":"WriteDacl","IsInherited":false},{"PrincipalSID":"GOODPLAYER.LOCAL-S-1-5-32-544","PrincipalType":"Group","RightName":"WriteOwner","IsInherited":false},{"PrincipalSID":"GOODPLAYER.LOCAL-S-1-5-32-544","PrincipalType":"Group","RightName":"GenericWrite","IsInherited":false},{"PrincipalSID":"S-1-5-21-3097585901-318635426-835273833-512","PrincipalType":"Group","RightName":"WriteDacl","IsInherited":false},{"PrincipalSID":"S-1-5-21-3097585901-318635426-835273833-512","PrincipalType":"Group","RightName":"WriteOwner","IsInherited":false},{"PrincipalSID":"S-1-5-21-3097585901-318635426-835273833-512","PrincipalType":"Group","RightName":"GenericWrite","IsInherited":false},{"PrincipalSID":"S-1-5-21-3097585901-318635426-835273833-519","PrincipalType":"Group","RightName":"WriteDacl","IsInherited":false},{"PrincipalSID":"S-1-5-21-3097585901-318635426-835273833-519","PrincipalType":"Group","RightName":"WriteOwner","IsInherited":false},{"PrincipalSID":"S-1-5-21-3097585901-318635426-835273833-519","PrincipalType":"Group","RightName":"GenericWrite","IsInherited":false}],"ObjectIdentifier":"S-1-5-21-3097585901-318635426-835273833-521","IsDeleted":false,"IsACLProtected":true,"ContainedBy":{"ObjectIdentifier":"D1BEE513-86E7-4BB1-AC7B-92C9745AE0EC","ObjectType":"OU"}},{"Properties":{"domain":"GOODPLAYER.LOCAL","name":"REMOTE DESKTOP USERS@GOODPLAYER.LOCAL","distinguishedname":"CN=REMOTE DESKTOP USERS,CN=BUILTIN,DC=GOODPLAYER,DC=LOCAL","domainsid":"S-1-5-21-3097585901-318635426-835273833","samaccountname":"Remote Desktop Users","isaclprotected":false,"description":"Members in this group are granted the right to logon remotely","whencreated":1706082632,"admincount":false},"Members":[],"Aces":[{"PrincipalSID":"GOODPLAYER.LOCAL-S-1-5-32-544","PrincipalType":"Group","RightName":"Owns","IsInherited":false},{"PrincipalSID":"GOODPLAYER.LOCAL-S-1-5-32-548","PrincipalType":"Group","RightName":"GenericAll","IsInherited":false},{"PrincipalSID":"S-1-5-21-3097585901-318635426-835273833-512","PrincipalType":"Group","RightName":"GenericAll","IsInherited":false},{"PrincipalSID":"S-1-5-21-3097585901-318635426-835273833-519","PrincipalType":"Group","RightName":"GenericAll","IsInherited":true},{"PrincipalSID":"GOODPLAYER.LOCAL-S-1-5-32-544","PrincipalType":"Group","RightName":"WriteDacl","IsInherited":true},{"PrincipalSID":"GOODPLAYER.LOCAL-S-1-5-32-544","PrincipalType":"Group","RightName":"WriteOwner","IsInherited":true},{"PrincipalSID":"GOODPLAYER.LOCAL-S-1-5-32-544","PrincipalType":"Group","RightName":"GenericWrite","IsInherited":true}],"ObjectIdentifier":"GOODPLAYER.LOCAL-S-1-5-32-555","IsDeleted":false,"IsACLProtected":false,"ContainedBy":{"ObjectIdentifier":"S-1-5-32","ObjectType":"Base"}},{"Properties":{"domain":"GOODPLAYER.LOCAL","name":"NETWORK CONFIGURATION OPERATORS@GOODPLAYER.LOCAL","distinguishedname":"CN=NETWORK CONFIGURATION OPERATORS,CN=BUILTIN,DC=GOODPLAYER,DC=LOCAL","domainsid":"S-1-5-21-3097585901-318635426-835273833","samaccountname":"Network Configuration Operators","isaclprotected":false,"description":"Members in this group can have some administrative privileges to manage configuration of networking features","whencreated":1706082632,"admincount":false},"Members":[],"Aces":[{"PrincipalSID":"GOODPLAYER.LOCAL-S-1-5-32-544","PrincipalType":"Group","RightName":"Owns","IsInherited":false},{"PrincipalSID":"GOODPLAYER.LOCAL-S-1-5-32-548","PrincipalType":"Group","RightName":"GenericAll","IsInherited":false},{"PrincipalSID":"S-1-5-21-3097585901-318635426-835273833-512","PrincipalType":"Group","RightName":"GenericAll","IsInherited":false},{"PrincipalSID":"S-1-5-21-3097585901-318635426-835273833-519","PrincipalType":"Group","RightName":"GenericAll","IsInherited":true},{"PrincipalSID":"GOODPLAYER.LOCAL-S-1-5-32-544","PrincipalType":"Group","RightName":"WriteDacl","IsInherited":true},{"PrincipalSID":"GOODPLAYER.LOCAL-S-1-5-32-544","PrincipalType":"Group","RightName":"WriteOwner","IsInherited":true},{"PrincipalSID":"GOODPLAYER.LOCAL-S-1-5-32-544","PrincipalType":"Group","RightName":"GenericWrite","IsInherited":true}],"ObjectIdentifier":"GOODPLAYER.LOCAL-S-1-5-32-556","IsDeleted":false,"IsACLProtected":false,"ContainedBy":{"ObjectIdentifier":"S-1-5-32","ObjectType":"Base"}},{"Properties":{"domain":"GOODPLAYER.LOCAL","name":"REPLICATORS@GOODPLAYER.LOCAL","distinguishedname":"CN=REPLICATOR,CN=BUILTIN,DC=GOODPLAYER,DC=LOCAL","domainsid":"S-1-5-21-3097585901-318635426-835273833","samaccountname":"Replicator","isaclprotected":true,"description":"Supports file replication in a domain","whencreated":1706082632,"admincount":true},"Members":[],"Aces":[{"PrincipalSID":"S-1-5-21-3097585901-318635426-835273833-512","PrincipalType":"Group","RightName":"Owns","IsInherited":false},{"PrincipalSID":"GOODPLAYER.LOCAL-S-1-5-32-544","PrincipalType":"Group","RightName":"WriteDacl","IsInherited":false},{"PrincipalSID":"GOODPLAYER.LOCAL-S-1-5-32-544","PrincipalType":"Group","RightName":"WriteOwner","IsInherited":false},{"PrincipalSID":"GOODPLAYER.LOCAL-S-1-5-32-544","PrincipalType":"Group","RightName":"GenericWrite","IsInherited":false},{"PrincipalSID":"S-1-5-21-3097585901-318635426-835273833-512","PrincipalType":"Group","RightName":"WriteDacl","IsInherited":false},{"PrincipalSID":"S-1-5-21-3097585901-318635426-835273833-512","PrincipalType":"Group","RightName":"WriteOwner","IsInherited":false},{"PrincipalSID":"S-1-5-21-3097585901-318635426-835273833-512","PrincipalType":"Group","RightName":"GenericWrite","IsInherited":false},{"PrincipalSID":"S-1-5-21-3097585901-318635426-835273833-519","PrincipalType":"Group","RightName":"WriteDacl","IsInherited":false},{"PrincipalSID":"S-1-5-21-3097585901-318635426-835273833-519","PrincipalType":"Group","RightName":"WriteOwner","IsInherited":false},{"PrincipalSID":"S-1-5-21-3097585901-318635426-835273833-519","PrincipalType":"Group","RightName":"GenericWrite","IsInherited":false}],"ObjectIdentifier":"GOODPLAYER.LOCAL-S-1-5-32-552","IsDeleted":false,"IsACLProtected":true,"ContainedBy":{"ObjectIdentifier":"S-1-5-32","ObjectType":"Base"}},{"Properties":{"domain":"GOODPLAYER.LOCAL","name":"ACCOUNT OPERATORS@GOODPLAYER.LOCAL","distinguishedname":"CN=ACCOUNT OPERATORS,CN=BUILTIN,DC=GOODPLAYER,DC=LOCAL","domainsid":"S-1-5-21-3097585901-318635426-835273833","samaccountname":"Account Operators","isaclprotected":true,"description":"Members can administer domain user and group accounts","whencreated":1706082678,"admincount":true},"Members":[],"Aces":[{"PrincipalSID":"S-1-5-21-3097585901-318635426-835273833-512","PrincipalType":"Group","RightName":"Owns","IsInherited":false},{"PrincipalSID":"GOODPLAYER.LOCAL-S-1-5-32-544","PrincipalType":"Group","RightName":"WriteDacl","IsInherited":false},{"PrincipalSID":"GOODPLAYER.LOCAL-S-1-5-32-544","PrincipalType":"Group","RightName":"WriteOwner","IsInherited":false},{"PrincipalSID":"GOODPLAYER.LOCAL-S-1-5-32-544","PrincipalType":"Group","RightName":"GenericWrite","IsInherited":false},{"PrincipalSID":"S-1-5-21-3097585901-318635426-835273833-512","PrincipalType":"Group","RightName":"WriteDacl","IsInherited":false},{"PrincipalSID":"S-1-5-21-3097585901-318635426-835273833-512","PrincipalType":"Group","RightName":"WriteOwner","IsInherited":false},{"PrincipalSID":"S-1-5-21-3097585901-318635426-835273833-512","PrincipalType":"Group","RightName":"GenericWrite","IsInherited":false},{"PrincipalSID":"S-1-5-21-3097585901-318635426-835273833-519","PrincipalType":"Group","RightName":"WriteDacl","IsInherited":false},{"PrincipalSID":"S-1-5-21-3097585901-318635426-835273833-519","PrincipalType":"Group","RightName":"WriteOwner","IsInherited":false},{"PrincipalSID":"S-1-5-21-3097585901-318635426-835273833-519","PrincipalType":"Group","RightName":"GenericWrite","IsInherited":false}],"ObjectIdentifier":"GOODPLAYER.LOCAL-S-1-5-32-548","IsDeleted":false,"IsACLProtected":true,"ContainedBy":{"ObjectIdentifier":"S-1-5-32","ObjectType":"Base"}},{"Properties":{"domain":"GOODPLAYER.LOCAL","name":"RDS REMOTE ACCESS SERVERS@GOODPLAYER.LOCAL","distinguishedname":"CN=RDS REMOTE ACCESS SERVERS,CN=BUILTIN,DC=GOODPLAYER,DC=LOCAL","domainsid":"S-1-5-21-3097585901-318635426-835273833","samaccountname":"RDS Remote Access Servers","isaclprotected":false,"description":"Servers in this group enable users of RemoteApp programs and personal virtual desktops access to these resources. In Internet-facing deployments, these servers are typically deployed in an edge network. This group needs to be populated on servers running RD Connection Broker. RD Gateway servers and RD Web Access servers used in the deployment need to be in this group.","whencreated":1706082632,"admincount":false},"Members":[],"Aces":[{"PrincipalSID":"GOODPLAYER.LOCAL-S-1-5-32-544","PrincipalType":"Group","RightName":"Owns","IsInherited":false},{"PrincipalSID":"GOODPLAYER.LOCAL-S-1-5-32-548","PrincipalType":"Group","RightName":"GenericAll","IsInherited":false},{"PrincipalSID":"S-1-5-21-3097585901-318635426-835273833-512","PrincipalType":"Group","RightName":"GenericAll","IsInherited":false},{"PrincipalSID":"S-1-5-21-3097585901-318635426-835273833-519","PrincipalType":"Group","RightName":"GenericAll","IsInherited":true},{"PrincipalSID":"GOODPLAYER.LOCAL-S-1-5-32-544","PrincipalType":"Group","RightName":"WriteDacl","IsInherited":true},{"PrincipalSID":"GOODPLAYER.LOCAL-S-1-5-32-544","PrincipalType":"Group","RightName":"WriteOwner","IsInherited":true},{"PrincipalSID":"GOODPLAYER.LOCAL-S-1-5-32-544","PrincipalType":"Group","RightName":"GenericWrite","IsInherited":true}],"ObjectIdentifier":"GOODPLAYER.LOCAL-S-1-5-32-575","IsDeleted":false,"IsACLProtected":false,"ContainedBy":{"ObjectIdentifier":"S-1-5-32","ObjectType":"Base"}},{"Properties":{"domain":"GOODPLAYER.LOCAL","name":"CERTIFICATE SERVICE DCOM ACCESS@GOODPLAYER.LOCAL","distinguishedname":"CN=CERTIFICATE SERVICE DCOM ACCESS,CN=BUILTIN,DC=GOODPLAYER,DC=LOCAL","domainsid":"S-1-5-21-3097585901-318635426-835273833","samaccountname":"Certificate Service DCOM Access","isaclprotected":false,"description":"Members of this group are allowed to connect to Certification Authorities in the enterprise","whencreated":1706082632,"admincount":false},"Members":[{"ObjectIdentifier":"GOODPLAYER.LOCAL-S-1-5-11","ObjectType":"Group"}],"Aces":[{"PrincipalSID":"GOODPLAYER.LOCAL-S-1-5-32-544","PrincipalType":"Group","RightName":"Owns","IsInherited":false},{"PrincipalSID":"GOODPLAYER.LOCAL-S-1-5-32-548","PrincipalType":"Group","RightName":"GenericAll","IsInherited":false},{"PrincipalSID":"S-1-5-21-3097585901-318635426-835273833-512","PrincipalType":"Group","RightName":"GenericAll","IsInherited":false},{"PrincipalSID":"S-1-5-21-3097585901-318635426-835273833-519","PrincipalType":"Group","RightName":"GenericAll","IsInherited":true},{"PrincipalSID":"GOODPLAYER.LOCAL-S-1-5-32-544","PrincipalType":"Group","RightName":"WriteDacl","IsInherited":true},{"PrincipalSID":"GOODPLAYER.LOCAL-S-1-5-32-544","PrincipalType":"Group","RightName":"WriteOwner","IsInherited":true},{"PrincipalSID":"GOODPLAYER.LOCAL-S-1-5-32-544","PrincipalType":"Group","RightName":"GenericWrite","IsInherited":true}],"ObjectIdentifier":"GOODPLAYER.LOCAL-S-1-5-32-574","IsDeleted":false,"IsACLProtected":false,"ContainedBy":{"ObjectIdentifier":"S-1-5-32","ObjectType":"Base"}},{"Properties":{"domain":"GOODPLAYER.LOCAL","name":"ENTERPRISE ADMINS@GOODPLAYER.LOCAL","distinguishedname":"CN=ENTERPRISE ADMINS,OU=GROUPS,DC=GOODPLAYER,DC=LOCAL","domainsid":"S-1-5-21-3097585901-318635426-835273833","samaccountname":"Enterprise Admins","isaclprotected":true,"description":"Designated administrators of the enterprise","whencreated":1706082678,"admincount":true},"Members":[{"ObjectIdentifier":"S-1-5-21-3097585901-318635426-835273833-1603","ObjectType":"User"},{"ObjectIdentifier":"S-1-5-21-3097585901-318635426-835273833-500","ObjectType":"User"}],"Aces":[{"PrincipalSID":"S-1-5-21-3097585901-318635426-835273833-512","PrincipalType":"Group","RightName":"Owns","IsInherited":false},{"PrincipalSID":"GOODPLAYER.LOCAL-S-1-5-32-544","PrincipalType":"Group","RightName":"WriteDacl","IsInherited":false},{"PrincipalSID":"GOODPLAYER.LOCAL-S-1-5-32-544","PrincipalType":"Group","RightName":"WriteOwner","IsInherited":false},{"PrincipalSID":"GOODPLAYER.LOCAL-S-1-5-32-544","PrincipalType":"Group","RightName":"GenericWrite","IsInherited":false},{"PrincipalSID":"S-1-5-21-3097585901-318635426-835273833-512","PrincipalType":"Group","RightName":"WriteDacl","IsInherited":false},{"PrincipalSID":"S-1-5-21-3097585901-318635426-835273833-512","PrincipalType":"Group","RightName":"WriteOwner","IsInherited":false},{"PrincipalSID":"S-1-5-21-3097585901-318635426-835273833-512","PrincipalType":"Group","RightName":"GenericWrite","IsInherited":false},{"PrincipalSID":"S-1-5-21-3097585901-318635426-835273833-519","PrincipalType":"Group","RightName":"WriteDacl","IsInherited":false},{"PrincipalSID":"S-1-5-21-3097585901-318635426-835273833-519","PrincipalType":"Group","RightName":"WriteOwner","IsInherited":false},{"PrincipalSID":"S-1-5-21-3097585901-318635426-835273833-519","PrincipalType":"Group","RightName":"GenericWrite","IsInherited":false}],"ObjectIdentifier":"S-1-5-21-3097585901-318635426-835273833-519","IsDeleted":false,"IsACLProtected":true,"ContainedBy":{"ObjectIdentifier":"D1BEE513-86E7-4BB1-AC7B-92C9745AE0EC","ObjectType":"OU"}},{"Properties":{"domain":"GOODPLAYER.LOCAL","name":"PERFORMANCE MONITOR USERS@GOODPLAYER.LOCAL","distinguishedname":"CN=PERFORMANCE MONITOR USERS,CN=BUILTIN,DC=GOODPLAYER,DC=LOCAL","domainsid":"S-1-5-21-3097585901-318635426-835273833","samaccountname":"Performance Monitor Users","isaclprotected":false,"description":"Members of this group can access performance counter data locally and remotely","whencreated":1706082632,"admincount":false},"Members":[],"Aces":[{"PrincipalSID":"GOODPLAYER.LOCAL-S-1-5-32-544","PrincipalType":"Group","RightName":"Owns","IsInherited":false},{"PrincipalSID":"GOODPLAYER.LOCAL-S-1-5-32-548","PrincipalType":"Group","RightName":"GenericAll","IsInherited":false},{"PrincipalSID":"S-1-5-21-3097585901-318635426-835273833-512","PrincipalType":"Group","RightName":"GenericAll","IsInherited":false},{"PrincipalSID":"S-1-5-21-3097585901-318635426-835273833-519","PrincipalType":"Group","RightName":"GenericAll","IsInherited":true},{"PrincipalSID":"GOODPLAYER.LOCAL-S-1-5-32-544","PrincipalType":"Group","RightName":"WriteDacl","IsInherited":true},{"PrincipalSID":"GOODPLAYER.LOCAL-S-1-5-32-544","PrincipalType":"Group","RightName":"WriteOwner","IsInherited":true},{"PrincipalSID":"GOODPLAYER.LOCAL-S-1-5-32-544","PrincipalType":"Group","RightName":"GenericWrite","IsInherited":true}],"ObjectIdentifier":"GOODPLAYER.LOCAL-S-1-5-32-558","IsDeleted":false,"IsACLProtected":false,"ContainedBy":{"ObjectIdentifier":"S-1-5-32","ObjectType":"Base"}},{"Properties":{"domain":"GOODPLAYER.LOCAL","name":"RDS MANAGEMENT SERVERS@GOODPLAYER.LOCAL","distinguishedname":"CN=RDS MANAGEMENT SERVERS,CN=BUILTIN,DC=GOODPLAYER,DC=LOCAL","domainsid":"S-1-5-21-3097585901-318635426-835273833","samaccountname":"RDS Management Servers","isaclprotected":false,"description":"Servers in this group can perform routine administrative actions on servers running Remote Desktop Services. This group needs to be populated on all servers in a Remote Desktop Services deployment. The servers running the RDS Central Management service must be included in this group.","whencreated":1706082632,"admincount":false},"Members":[],"Aces":[{"PrincipalSID":"GOODPLAYER.LOCAL-S-1-5-32-544","PrincipalType":"Group","RightName":"Owns","IsInherited":false},{"PrincipalSID":"GOODPLAYER.LOCAL-S-1-5-32-548","PrincipalType":"Group","RightName":"GenericAll","IsInherited":false},{"PrincipalSID":"S-1-5-21-3097585901-318635426-835273833-512","PrincipalType":"Group","RightName":"GenericAll","IsInherited":false},{"PrincipalSID":"S-1-5-21-3097585901-318635426-835273833-519","PrincipalType":"Group","RightName":"GenericAll","IsInherited":true},{"PrincipalSID":"GOODPLAYER.LOCAL-S-1-5-32-544","PrincipalType":"Group","RightName":"WriteDacl","IsInherited":true},{"PrincipalSID":"GOODPLAYER.LOCAL-S-1-5-32-544","PrincipalType":"Group","RightName":"WriteOwner","IsInherited":true},{"PrincipalSID":"GOODPLAYER.LOCAL-S-1-5-32-544","PrincipalType":"Group","RightName":"GenericWrite","IsInherited":true}],"ObjectIdentifier":"GOODPLAYER.LOCAL-S-1-5-32-577","IsDeleted":false,"IsACLProtected":false,"ContainedBy":{"ObjectIdentifier":"S-1-5-32","ObjectType":"Base"}},{"Properties":{"domain":"GOODPLAYER.LOCAL","name":"ENTERPRISE READ-ONLY DOMAIN CONTROLLERS@GOODPLAYER.LOCAL","distinguishedname":"CN=ENTERPRISE READ-ONLY DOMAIN CONTROLLERS,OU=GROUPS,DC=GOODPLAYER,DC=LOCAL","domainsid":"S-1-5-21-3097585901-318635426-835273833","samaccountname":"Enterprise Read-only Domain Controllers","isaclprotected":false,"description":"Members of this group are Read-Only Domain Controllers in the enterprise","whencreated":1706082678,"admincount":false},"Members":[],"Aces":[{"PrincipalSID":"S-1-5-21-3097585901-318635426-835273833-512","PrincipalType":"Group","RightName":"Owns","IsInherited":false},{"PrincipalSID":"GOODPLAYER.LOCAL-S-1-5-32-548","PrincipalType":"Group","RightName":"GenericAll","IsInherited":false},{"PrincipalSID":"S-1-5-21-3097585901-318635426-835273833-512","PrincipalType":"Group","RightName":"GenericAll","IsInherited":false},{"PrincipalSID":"S-1-5-21-3097585901-318635426-835273833-519","PrincipalType":"Group","RightName":"GenericAll","IsInherited":true},{"PrincipalSID":"GOODPLAYER.LOCAL-S-1-5-32-544","PrincipalType":"Group","RightName":"WriteDacl","IsInherited":true},{"PrincipalSID":"GOODPLAYER.LOCAL-S-1-5-32-544","PrincipalType":"Group","RightName":"WriteOwner","IsInherited":true},{"PrincipalSID":"GOODPLAYER.LOCAL-S-1-5-32-544","PrincipalType":"Group","RightName":"GenericWrite","IsInherited":true}],"ObjectIdentifier":"S-1-5-21-3097585901-318635426-835273833-498","IsDeleted":false,"IsACLProtected":false,"ContainedBy":{"ObjectIdentifier":"D1BEE513-86E7-4BB1-AC7B-92C9745AE0EC","ObjectType":"OU"}},{"Properties":{"domain":"GOODPLAYER.LOCAL","name":"CLONEABLE DOMAIN CONTROLLERS@GOODPLAYER.LOCAL","distinguishedname":"CN=CLONEABLE DOMAIN CONTROLLERS,OU=GROUPS,DC=GOODPLAYER,DC=LOCAL","domainsid":"S-1-5-21-3097585901-318635426-835273833","samaccountname":"Cloneable Domain Controllers","isaclprotected":false,"description":"Members of this group that are domain controllers may be cloned.","whencreated":1706082678,"admincount":false},"Members":[],"Aces":[{"PrincipalSID":"S-1-5-21-3097585901-318635426-835273833-512","PrincipalType":"Group","RightName":"Owns","IsInherited":false},{"PrincipalSID":"GOODPLAYER.LOCAL-S-1-5-32-548","PrincipalType":"Group","RightName":"GenericAll","IsInherited":false},{"PrincipalSID":"S-1-5-21-3097585901-318635426-835273833-512","PrincipalType":"Group","RightName":"GenericAll","IsInherited":false},{"PrincipalSID":"S-1-5-21-3097585901-318635426-835273833-519","PrincipalType":"Group","RightName":"GenericAll","IsInherited":true},{"PrincipalSID":"GOODPLAYER.LOCAL-S-1-5-32-544","PrincipalType":"Group","RightName":"WriteDacl","IsInherited":true},{"PrincipalSID":"GOODPLAYER.LOCAL-S-1-5-32-544","PrincipalType":"Group","RightName":"WriteOwner","IsInherited":true},{"PrincipalSID":"GOODPLAYER.LOCAL-S-1-5-32-544","PrincipalType":"Group","RightName":"GenericWrite","IsInherited":true}],"ObjectIdentifier":"S-1-5-21-3097585901-318635426-835273833-522","IsDeleted":false,"IsACLProtected":false,"ContainedBy":{"ObjectIdentifier":"D1BEE513-86E7-4BB1-AC7B-92C9745AE0EC","ObjectType":"OU"}},{"Properties":{"domain":"GOODPLAYER.LOCAL","name":"ALLOWED RODC PASSWORD REPLICATION GROUP@GOODPLAYER.LOCAL","distinguishedname":"CN=ALLOWED RODC PASSWORD REPLICATION GROUP,OU=GROUPS,DC=GOODPLAYER,DC=LOCAL","domainsid":"S-1-5-21-3097585901-318635426-835273833","samaccountname":"Allowed RODC Password Replication Group","isaclprotected":false,"description":"Members in this group can have their passwords replicated to all read-only domain controllers in the domain","whencreated":1706082678,"admincount":false},"Members":[],"Aces":[{"PrincipalSID":"S-1-5-21-3097585901-318635426-835273833-512","PrincipalType":"Group","RightName":"Owns","IsInherited":false},{"PrincipalSID":"GOODPLAYER.LOCAL-S-1-5-32-548","PrincipalType":"Group","RightName":"GenericAll","IsInherited":false},{"PrincipalSID":"S-1-5-21-3097585901-318635426-835273833-512","PrincipalType":"Group","RightName":"GenericAll","IsInherited":false},{"PrincipalSID":"S-1-5-21-3097585901-318635426-835273833-519","PrincipalType":"Group","RightName":"GenericAll","IsInherited":true},{"PrincipalSID":"GOODPLAYER.LOCAL-S-1-5-32-544","PrincipalType":"Group","RightName":"WriteDacl","IsInherited":true},{"PrincipalSID":"GOODPLAYER.LOCAL-S-1-5-32-544","PrincipalType":"Group","RightName":"WriteOwner","IsInherited":true},{"PrincipalSID":"GOODPLAYER.LOCAL-S-1-5-32-544","PrincipalType":"Group","RightName":"GenericWrite","IsInherited":true}],"ObjectIdentifier":"S-1-5-21-3097585901-318635426-835273833-571","IsDeleted":false,"IsACLProtected":false,"ContainedBy":{"ObjectIdentifier":"D1BEE513-86E7-4BB1-AC7B-92C9745AE0EC","ObjectType":"OU"}},{"Properties":{"domain":"GOODPLAYER.LOCAL","name":"RDS ENDPOINT SERVERS@GOODPLAYER.LOCAL","distinguishedname":"CN=RDS ENDPOINT SERVERS,CN=BUILTIN,DC=GOODPLAYER,DC=LOCAL","domainsid":"S-1-5-21-3097585901-318635426-835273833","samaccountname":"RDS Endpoint Servers","isaclprotected":false,"description":"Servers in this group run virtual machines and host sessions where users RemoteApp programs and personal virtual desktops run. This group needs to be populated on servers running RD Connection Broker. RD Session Host servers and RD Virtualization Host servers used in the deployment need to be in this group.","whencreated":1706082632,"admincount":false},"Members":[],"Aces":[{"PrincipalSID":"GOODPLAYER.LOCAL-S-1-5-32-544","PrincipalType":"Group","RightName":"Owns","IsInherited":false},{"PrincipalSID":"GOODPLAYER.LOCAL-S-1-5-32-548","PrincipalType":"Group","RightName":"GenericAll","IsInherited":false},{"PrincipalSID":"S-1-5-21-3097585901-318635426-835273833-512","PrincipalType":"Group","RightName":"GenericAll","IsInherited":false},{"PrincipalSID":"S-1-5-21-3097585901-318635426-835273833-519","PrincipalType":"Group","RightName":"GenericAll","IsInherited":true},{"PrincipalSID":"GOODPLAYER.LOCAL-S-1-5-32-544","PrincipalType":"Group","RightName":"WriteDacl","IsInherited":true},{"PrincipalSID":"GOODPLAYER.LOCAL-S-1-5-32-544","PrincipalType":"Group","RightName":"WriteOwner","IsInherited":true},{"PrincipalSID":"GOODPLAYER.LOCAL-S-1-5-32-544","PrincipalType":"Group","RightName":"GenericWrite","IsInherited":true}],"ObjectIdentifier":"GOODPLAYER.LOCAL-S-1-5-32-576","IsDeleted":false,"IsACLProtected":false,"ContainedBy":{"ObjectIdentifier":"S-1-5-32","ObjectType":"Base"}},{"Properties":{"domain":"GOODPLAYER.LOCAL","name":"INCOMING FOREST TRUST BUILDERS@GOODPLAYER.LOCAL","distinguishedname":"CN=INCOMING FOREST TRUST BUILDERS,CN=BUILTIN,DC=GOODPLAYER,DC=LOCAL","domainsid":"S-1-5-21-3097585901-318635426-835273833","samaccountname":"Incoming Forest Trust Builders","isaclprotected":false,"description":"Members of this group can create incoming, one-way trusts to this forest","whencreated":1706082678,"admincount":false},"Members":[],"Aces":[{"PrincipalSID":"S-1-5-21-3097585901-318635426-835273833-512","PrincipalType":"Group","RightName":"Owns","IsInherited":false},{"PrincipalSID":"GOODPLAYER.LOCAL-S-1-5-32-548","PrincipalType":"Group","RightName":"GenericAll","IsInherited":false},{"PrincipalSID":"S-1-5-21-3097585901-318635426-835273833-512","PrincipalType":"Group","RightName":"GenericAll","IsInherited":false},{"PrincipalSID":"S-1-5-21-3097585901-318635426-835273833-519","PrincipalType":"Group","RightName":"GenericAll","IsInherited":true},{"PrincipalSID":"GOODPLAYER.LOCAL-S-1-5-32-544","PrincipalType":"Group","RightName":"WriteDacl","IsInherited":true},{"PrincipalSID":"GOODPLAYER.LOCAL-S-1-5-32-544","PrincipalType":"Group","RightName":"WriteOwner","IsInherited":true},{"PrincipalSID":"GOODPLAYER.LOCAL-S-1-5-32-544","PrincipalType":"Group","RightName":"GenericWrite","IsInherited":true}],"ObjectIdentifier":"GOODPLAYER.LOCAL-S-1-5-32-557","IsDeleted":false,"IsACLProtected":false,"ContainedBy":{"ObjectIdentifier":"S-1-5-32","ObjectType":"Base"}},{"Properties":{"domain":"GOODPLAYER.LOCAL","name":"TERMINAL SERVER LICENSE SERVERS@GOODPLAYER.LOCAL","distinguishedname":"CN=TERMINAL SERVER LICENSE SERVERS,CN=BUILTIN,DC=GOODPLAYER,DC=LOCAL","domainsid":"S-1-5-21-3097585901-318635426-835273833","samaccountname":"Terminal Server License Servers","isaclprotected":false,"description":"Members of this group can update user accounts in Active Directory with information about license issuance, for the purpose of tracking and reporting TS Per User CAL usage","whencreated":1706082678,"admincount":false},"Members":[],"Aces":[{"PrincipalSID":"S-1-5-21-3097585901-318635426-835273833-512","PrincipalType":"Group","RightName":"Owns","IsInherited":false},{"PrincipalSID":"GOODPLAYER.LOCAL-S-1-5-32-548","PrincipalType":"Group","RightName":"GenericAll","IsInherited":false},{"PrincipalSID":"S-1-5-21-3097585901-318635426-835273833-512","PrincipalType":"Group","RightName":"GenericAll","IsInherited":false},{"PrincipalSID":"S-1-5-21-3097585901-318635426-835273833-519","PrincipalType":"Group","RightName":"GenericAll","IsInherited":true},{"PrincipalSID":"GOODPLAYER.LOCAL-S-1-5-32-544","PrincipalType":"Group","RightName":"WriteDacl","IsInherited":true},{"PrincipalSID":"GOODPLAYER.LOCAL-S-1-5-32-544","PrincipalType":"Group","RightName":"WriteOwner","IsInherited":true},{"PrincipalSID":"GOODPLAYER.LOCAL-S-1-5-32-544","PrincipalType":"Group","RightName":"GenericWrite","IsInherited":true}],"ObjectIdentifier":"GOODPLAYER.LOCAL-S-1-5-32-561","IsDeleted":false,"IsACLProtected":false,"ContainedBy":{"ObjectIdentifier":"S-1-5-32","ObjectType":"Base"}},{"Properties":{"domain":"GOODPLAYER.LOCAL","name":"KEY ADMINS@GOODPLAYER.LOCAL","distinguishedname":"CN=KEY ADMINS,OU=GROUPS,DC=GOODPLAYER,DC=LOCAL","domainsid":"S-1-5-21-3097585901-318635426-835273833","samaccountname":"Key Admins","isaclprotected":true,"description":"Members of this group can perform administrative actions on key objects within the domain.","whencreated":1706082678,"admincount":true},"Members":[],"Aces":[{"PrincipalSID":"S-1-5-21-3097585901-318635426-835273833-512","PrincipalType":"Group","RightName":"Owns","IsInherited":false},{"PrincipalSID":"GOODPLAYER.LOCAL-S-1-5-32-544","PrincipalType":"Group","RightName":"WriteDacl","IsInherited":false},{"PrincipalSID":"GOODPLAYER.LOCAL-S-1-5-32-544","PrincipalType":"Group","RightName":"WriteOwner","IsInherited":false},{"PrincipalSID":"GOODPLAYER.LOCAL-S-1-5-32-544","PrincipalType":"Group","RightName":"GenericWrite","IsInherited":false},{"PrincipalSID":"S-1-5-21-3097585901-318635426-835273833-512","PrincipalType":"Group","RightName":"WriteDacl","IsInherited":false},{"PrincipalSID":"S-1-5-21-3097585901-318635426-835273833-512","PrincipalType":"Group","RightName":"WriteOwner","IsInherited":false},{"PrincipalSID":"S-1-5-21-3097585901-318635426-835273833-512","PrincipalType":"Group","RightName":"GenericWrite","IsInherited":false},{"PrincipalSID":"S-1-5-21-3097585901-318635426-835273833-519","PrincipalType":"Group","RightName":"WriteDacl","IsInherited":false},{"PrincipalSID":"S-1-5-21-3097585901-318635426-835273833-519","PrincipalType":"Group","RightName":"WriteOwner","IsInherited":false},{"PrincipalSID":"S-1-5-21-3097585901-318635426-835273833-519","PrincipalType":"Group","RightName":"GenericWrite","IsInherited":false}],"ObjectIdentifier":"S-1-5-21-3097585901-318635426-835273833-526","IsDeleted":false,"IsACLProtected":true,"ContainedBy":{"ObjectIdentifier":"D1BEE513-86E7-4BB1-AC7B-92C9745AE0EC","ObjectType":"OU"}},{"Properties":{"domain":"GOODPLAYER.LOCAL","name":"DOMAIN USERS@GOODPLAYER.LOCAL","distinguishedname":"CN=DOMAIN USERS,OU=GROUPS,DC=GOODPLAYER,DC=LOCAL","domainsid":"S-1-5-21-3097585901-318635426-835273833","samaccountname":"Domain Users","isaclprotected":false,"description":"All domain users","whencreated":1706082678,"admincount":false},"Members":[],"Aces":[{"PrincipalSID":"S-1-5-21-3097585901-318635426-835273833-512","PrincipalType":"Group","RightName":"Owns","IsInherited":false},{"PrincipalSID":"GOODPLAYER.LOCAL-S-1-5-32-548","PrincipalType":"Group","RightName":"GenericAll","IsInherited":false},{"PrincipalSID":"S-1-5-21-3097585901-318635426-835273833-512","PrincipalType":"Group","RightName":"GenericAll","IsInherited":false},{"PrincipalSID":"S-1-5-21-3097585901-318635426-835273833-519","PrincipalType":"Group","RightName":"GenericAll","IsInherited":true},{"PrincipalSID":"GOODPLAYER.LOCAL-S-1-5-32-544","PrincipalType":"Group","RightName":"WriteDacl","IsInherited":true},{"PrincipalSID":"GOODPLAYER.LOCAL-S-1-5-32-544","PrincipalType":"Group","RightName":"WriteOwner","IsInherited":true},{"PrincipalSID":"GOODPLAYER.LOCAL-S-1-5-32-544","PrincipalType":"Group","RightName":"GenericWrite","IsInherited":true}],"ObjectIdentifier":"S-1-5-21-3097585901-318635426-835273833-513","IsDeleted":false,"IsACLProtected":false,"ContainedBy":{"ObjectIdentifier":"D1BEE513-86E7-4BB1-AC7B-92C9745AE0EC","ObjectType":"OU"}},{"Properties":{"domain":"GOODPLAYER.LOCAL","name":"PERFORMANCE LOG USERS@GOODPLAYER.LOCAL","distinguishedname":"CN=PERFORMANCE LOG USERS,CN=BUILTIN,DC=GOODPLAYER,DC=LOCAL","domainsid":"S-1-5-21-3097585901-318635426-835273833","samaccountname":"Performance Log Users","isaclprotected":false,"description":"Members of this group may schedule logging of performance counters, enable trace providers, and collect event traces both locally and via remote access to this computer","whencreated":1706082632,"admincount":false},"Members":[],"Aces":[{"PrincipalSID":"GOODPLAYER.LOCAL-S-1-5-32-544","PrincipalType":"Group","RightName":"Owns","IsInherited":false},{"PrincipalSID":"GOODPLAYER.LOCAL-S-1-5-32-548","PrincipalType":"Group","RightName":"GenericAll","IsInherited":false},{"PrincipalSID":"S-1-5-21-3097585901-318635426-835273833-512","PrincipalType":"Group","RightName":"GenericAll","IsInherited":false},{"PrincipalSID":"S-1-5-21-3097585901-318635426-835273833-519","PrincipalType":"Group","RightName":"GenericAll","IsInherited":true},{"PrincipalSID":"GOODPLAYER.LOCAL-S-1-5-32-544","PrincipalType":"Group","RightName":"WriteDacl","IsInherited":true},{"PrincipalSID":"GOODPLAYER.LOCAL-S-1-5-32-544","PrincipalType":"Group","RightName":"WriteOwner","IsInherited":true},{"PrincipalSID":"GOODPLAYER.LOCAL-S-1-5-32-544","PrincipalType":"Group","RightName":"GenericWrite","IsInherited":true}],"ObjectIdentifier":"GOODPLAYER.LOCAL-S-1-5-32-559","IsDeleted":false,"IsACLProtected":false,"ContainedBy":{"ObjectIdentifier":"S-1-5-32","ObjectType":"Base"}},{"Properties":{"domain":"GOODPLAYER.LOCAL","name":"ENTERPRISE KEY ADMINS@GOODPLAYER.LOCAL","distinguishedname":"CN=ENTERPRISE KEY ADMINS,OU=GROUPS,DC=GOODPLAYER,DC=LOCAL","domainsid":"S-1-5-21-3097585901-318635426-835273833","samaccountname":"Enterprise Key Admins","isaclprotected":true,"description":"Members of this group can perform administrative actions on key objects within the forest.","whencreated":1706082678,"admincount":true},"Members":[],"Aces":[{"PrincipalSID":"S-1-5-21-3097585901-318635426-835273833-512","PrincipalType":"Group","RightName":"Owns","IsInherited":false},{"PrincipalSID":"GOODPLAYER.LOCAL-S-1-5-32-544","PrincipalType":"Group","RightName":"WriteDacl","IsInherited":false},{"PrincipalSID":"GOODPLAYER.LOCAL-S-1-5-32-544","PrincipalType":"Group","RightName":"WriteOwner","IsInherited":false},{"PrincipalSID":"GOODPLAYER.LOCAL-S-1-5-32-544","PrincipalType":"Group","RightName":"GenericWrite","IsInherited":false},{"PrincipalSID":"S-1-5-21-3097585901-318635426-835273833-512","PrincipalType":"Group","RightName":"WriteDacl","IsInherited":false},{"PrincipalSID":"S-1-5-21-3097585901-318635426-835273833-512","PrincipalType":"Group","RightName":"WriteOwner","IsInherited":false},{"PrincipalSID":"S-1-5-21-3097585901-318635426-835273833-512","PrincipalType":"Group","RightName":"GenericWrite","IsInherited":false},{"PrincipalSID":"S-1-5-21-3097585901-318635426-835273833-519","PrincipalType":"Group","RightName":"WriteDacl","IsInherited":false},{"PrincipalSID":"S-1-5-21-3097585901-318635426-835273833-519","PrincipalType":"Group","RightName":"WriteOwner","IsInherited":false},{"PrincipalSID":"S-1-5-21-3097585901-318635426-835273833-519","PrincipalType":"Group","RightName":"GenericWrite","IsInherited":false}],"ObjectIdentifier":"S-1-5-21-3097585901-318635426-835273833-527","IsDeleted":false,"IsACLProtected":true,"ContainedBy":{"ObjectIdentifier":"D1BEE513-86E7-4BB1-AC7B-92C9745AE0EC","ObjectType":"OU"}},{"Properties":{"domain":"GOODPLAYER.LOCAL","name":"DNSUPDATEPROXY@GOODPLAYER.LOCAL","distinguishedname":"CN=DNSUPDATEPROXY,OU=GROUPS,DC=GOODPLAYER,DC=LOCAL","domainsid":"S-1-5-21-3097585901-318635426-835273833","samaccountname":"DnsUpdateProxy","isaclprotected":false,"description":"DNS clients who are permitted to perform dynamic updates on behalf of some other clients (such as DHCP servers).","whencreated":1706082720,"admincount":false},"Members":[],"Aces":[{"PrincipalSID":"GOODPLAYER.LOCAL-S-1-5-32-548","PrincipalType":"Group","RightName":"GenericAll","IsInherited":false},{"PrincipalSID":"S-1-5-21-3097585901-318635426-835273833-512","PrincipalType":"Group","RightName":"GenericAll","IsInherited":false},{"PrincipalSID":"S-1-5-21-3097585901-318635426-835273833-519","PrincipalType":"Group","RightName":"GenericAll","IsInherited":true},{"PrincipalSID":"GOODPLAYER.LOCAL-S-1-5-32-544","PrincipalType":"Group","RightName":"WriteDacl","IsInherited":true},{"PrincipalSID":"GOODPLAYER.LOCAL-S-1-5-32-544","PrincipalType":"Group","RightName":"WriteOwner","IsInherited":true},{"PrincipalSID":"GOODPLAYER.LOCAL-S-1-5-32-544","PrincipalType":"Group","RightName":"GenericWrite","IsInherited":true}],"ObjectIdentifier":"S-1-5-21-3097585901-318635426-835273833-1102","IsDeleted":false,"IsACLProtected":false,"ContainedBy":{"ObjectIdentifier":"D1BEE513-86E7-4BB1-AC7B-92C9745AE0EC","ObjectType":"OU"}},{"Properties":{"domain":"GOODPLAYER.LOCAL","name":"RAS AND IAS SERVERS@GOODPLAYER.LOCAL","distinguishedname":"CN=RAS AND IAS SERVERS,OU=GROUPS,DC=GOODPLAYER,DC=LOCAL","domainsid":"S-1-5-21-3097585901-318635426-835273833","samaccountname":"RAS and IAS Servers","isaclprotected":false,"description":"Servers in this group can access remote access properties of users","whencreated":1706082678,"admincount":false},"Members":[],"Aces":[{"PrincipalSID":"S-1-5-21-3097585901-318635426-835273833-512","PrincipalType":"Group","RightName":"Owns","IsInherited":false},{"PrincipalSID":"GOODPLAYER.LOCAL-S-1-5-32-548","PrincipalType":"Group","RightName":"GenericAll","IsInherited":false},{"PrincipalSID":"S-1-5-21-3097585901-318635426-835273833-512","PrincipalType":"Group","RightName":"GenericAll","IsInherited":false},{"PrincipalSID":"S-1-5-21-3097585901-318635426-835273833-519","PrincipalType":"Group","RightName":"GenericAll","IsInherited":true},{"PrincipalSID":"GOODPLAYER.LOCAL-S-1-5-32-544","PrincipalType":"Group","RightName":"WriteDacl","IsInherited":true},{"PrincipalSID":"GOODPLAYER.LOCAL-S-1-5-32-544","PrincipalType":"Group","RightName":"WriteOwner","IsInherited":true},{"PrincipalSID":"GOODPLAYER.LOCAL-S-1-5-32-544","PrincipalType":"Group","RightName":"GenericWrite","IsInherited":true}],"ObjectIdentifier":"S-1-5-21-3097585901-318635426-835273833-553","IsDeleted":false,"IsACLProtected":false,"ContainedBy":{"ObjectIdentifier":"D1BEE513-86E7-4BB1-AC7B-92C9745AE0EC","ObjectType":"OU"}},{"Properties":{"domain":"GOODPLAYER.LOCAL","name":"DISTRIBUTED COM USERS@GOODPLAYER.LOCAL","distinguishedname":"CN=DISTRIBUTED COM USERS,CN=BUILTIN,DC=GOODPLAYER,DC=LOCAL","domainsid":"S-1-5-21-3097585901-318635426-835273833","samaccountname":"Distributed COM Users","isaclprotected":false,"description":"Members are allowed to launch, activate and use Distributed COM objects on this machine.","whencreated":1706082632,"admincount":false},"Members":[],"Aces":[{"PrincipalSID":"GOODPLAYER.LOCAL-S-1-5-32-544","PrincipalType":"Group","RightName":"Owns","IsInherited":false},{"PrincipalSID":"GOODPLAYER.LOCAL-S-1-5-32-548","PrincipalType":"Group","RightName":"GenericAll","IsInherited":false},{"PrincipalSID":"S-1-5-21-3097585901-318635426-835273833-512","PrincipalType":"Group","RightName":"GenericAll","IsInherited":false},{"PrincipalSID":"S-1-5-21-3097585901-318635426-835273833-519","PrincipalType":"Group","RightName":"GenericAll","IsInherited":true},{"PrincipalSID":"GOODPLAYER.LOCAL-S-1-5-32-544","PrincipalType":"Group","RightName":"WriteDacl","IsInherited":true},{"PrincipalSID":"GOODPLAYER.LOCAL-S-1-5-32-544","PrincipalType":"Group","RightName":"WriteOwner","IsInherited":true},{"PrincipalSID":"GOODPLAYER.LOCAL-S-1-5-32-544","PrincipalType":"Group","RightName":"GenericWrite","IsInherited":true}],"ObjectIdentifier":"GOODPLAYER.LOCAL-S-1-5-32-562","IsDeleted":false,"IsACLProtected":false,"ContainedBy":{"ObjectIdentifier":"S-1-5-32","ObjectType":"Base"}},{"Properties":{"domain":"GOODPLAYER.LOCAL","name":"CRYPTOGRAPHIC OPERATORS@GOODPLAYER.LOCAL","distinguishedname":"CN=CRYPTOGRAPHIC OPERATORS,CN=BUILTIN,DC=GOODPLAYER,DC=LOCAL","domainsid":"S-1-5-21-3097585901-318635426-835273833","samaccountname":"Cryptographic Operators","isaclprotected":false,"description":"Members are authorized to perform cryptographic operations.","whencreated":1706082632,"admincount":false},"Members":[],"Aces":[{"PrincipalSID":"GOODPLAYER.LOCAL-S-1-5-32-544","PrincipalType":"Group","RightName":"Owns","IsInherited":false},{"PrincipalSID":"GOODPLAYER.LOCAL-S-1-5-32-548","PrincipalType":"Group","RightName":"GenericAll","IsInherited":false},{"PrincipalSID":"S-1-5-21-3097585901-318635426-835273833-512","PrincipalType":"Group","RightName":"GenericAll","IsInherited":false},{"PrincipalSID":"S-1-5-21-3097585901-318635426-835273833-519","PrincipalType":"Group","RightName":"GenericAll","IsInherited":true},{"PrincipalSID":"GOODPLAYER.LOCAL-S-1-5-32-544","PrincipalType":"Group","RightName":"WriteDacl","IsInherited":true},{"PrincipalSID":"GOODPLAYER.LOCAL-S-1-5-32-544","PrincipalType":"Group","RightName":"WriteOwner","IsInherited":true},{"PrincipalSID":"GOODPLAYER.LOCAL-S-1-5-32-544","PrincipalType":"Group","RightName":"GenericWrite","IsInherited":true}],"ObjectIdentifier":"GOODPLAYER.LOCAL-S-1-5-32-569","IsDeleted":false,"IsACLProtected":false,"ContainedBy":{"ObjectIdentifier":"S-1-5-32","ObjectType":"Base"}},{"Properties":{"domain":"GOODPLAYER.LOCAL","name":"IIS_IUSRS@GOODPLAYER.LOCAL","distinguishedname":"CN=IIS_IUSRS,CN=BUILTIN,DC=GOODPLAYER,DC=LOCAL","domainsid":"S-1-5-21-3097585901-318635426-835273833","samaccountname":"IIS_IUSRS","isaclprotected":false,"description":"Built-in group used by Internet Information Services.","whencreated":1706082632,"admincount":false},"Members":[{"ObjectIdentifier":"GOODPLAYER.LOCAL-S-1-5-17","ObjectType":"Group"}],"Aces":[{"PrincipalSID":"GOODPLAYER.LOCAL-S-1-5-32-544","PrincipalType":"Group","RightName":"Owns","IsInherited":false},{"PrincipalSID":"GOODPLAYER.LOCAL-S-1-5-32-548","PrincipalType":"Group","RightName":"GenericAll","IsInherited":false},{"PrincipalSID":"S-1-5-21-3097585901-318635426-835273833-512","PrincipalType":"Group","RightName":"GenericAll","IsInherited":false},{"PrincipalSID":"S-1-5-21-3097585901-318635426-835273833-519","PrincipalType":"Group","RightName":"GenericAll","IsInherited":true},{"PrincipalSID":"GOODPLAYER.LOCAL-S-1-5-32-544","PrincipalType":"Group","RightName":"WriteDacl","IsInherited":true},{"PrincipalSID":"GOODPLAYER.LOCAL-S-1-5-32-544","PrincipalType":"Group","RightName":"WriteOwner","IsInherited":true},{"PrincipalSID":"GOODPLAYER.LOCAL-S-1-5-32-544","PrincipalType":"Group","RightName":"GenericWrite","IsInherited":true}],"ObjectIdentifier":"GOODPLAYER.LOCAL-S-1-5-32-568","IsDeleted":false,"IsACLProtected":false,"ContainedBy":{"ObjectIdentifier":"S-1-5-32","ObjectType":"Base"}},{"Properties":{"domain":"GOODPLAYER.LOCAL","name":"WINDOWS AUTHORIZATION ACCESS GROUP@GOODPLAYER.LOCAL","distinguishedname":"CN=WINDOWS AUTHORIZATION ACCESS GROUP,CN=BUILTIN,DC=GOODPLAYER,DC=LOCAL","domainsid":"S-1-5-21-3097585901-318635426-835273833","samaccountname":"Windows Authorization Access Group","isaclprotected":false,"description":"Members of this group have access to the computed tokenGroupsGlobalAndUniversal attribute on User objects","whencreated":1706082678,"admincount":false},"Members":[{"ObjectIdentifier":"GOODPLAYER.LOCAL-S-1-5-9","ObjectType":"Group"}],"Aces":[{"PrincipalSID":"S-1-5-21-3097585901-318635426-835273833-512","PrincipalType":"Group","RightName":"Owns","IsInherited":false},{"PrincipalSID":"GOODPLAYER.LOCAL-S-1-5-32-548","PrincipalType":"Group","RightName":"GenericAll","IsInherited":false},{"PrincipalSID":"S-1-5-21-3097585901-318635426-835273833-512","PrincipalType":"Group","RightName":"GenericAll","IsInherited":false},{"PrincipalSID":"S-1-5-21-3097585901-318635426-835273833-519","PrincipalType":"Group","RightName":"GenericAll","IsInherited":true},{"PrincipalSID":"GOODPLAYER.LOCAL-S-1-5-32-544","PrincipalType":"Group","RightName":"WriteDacl","IsInherited":true},{"PrincipalSID":"GOODPLAYER.LOCAL-S-1-5-32-544","PrincipalType":"Group","RightName":"WriteOwner","IsInherited":true},{"PrincipalSID":"GOODPLAYER.LOCAL-S-1-5-32-544","PrincipalType":"Group","RightName":"GenericWrite","IsInherited":true}],"ObjectIdentifier":"GOODPLAYER.LOCAL-S-1-5-32-560","IsDeleted":false,"IsACLProtected":false,"ContainedBy":{"ObjectIdentifier":"S-1-5-32","ObjectType":"Base"}},{"Properties":{"domain":"GOODPLAYER.LOCAL","name":"REMOTE MANAGEMENT USERS@GOODPLAYER.LOCAL","distinguishedname":"CN=REMOTE MANAGEMENT USERS,CN=BUILTIN,DC=GOODPLAYER,DC=LOCAL","domainsid":"S-1-5-21-3097585901-318635426-835273833","samaccountname":"Remote Management Users","isaclprotected":false,"description":"Members of this group can access WMI resources over management protocols (such as WS-Management via the Windows Remote Management service). This applies only to WMI namespaces that grant access to the user.","whencreated":1706082632,"admincount":false},"Members":[],"Aces":[{"PrincipalSID":"GOODPLAYER.LOCAL-S-1-5-32-544","PrincipalType":"Group","RightName":"Owns","IsInherited":false},{"PrincipalSID":"GOODPLAYER.LOCAL-S-1-5-32-548","PrincipalType":"Group","RightName":"GenericAll","IsInherited":false},{"PrincipalSID":"S-1-5-21-3097585901-318635426-835273833-512","PrincipalType":"Group","RightName":"GenericAll","IsInherited":false},{"PrincipalSID":"S-1-5-21-3097585901-318635426-835273833-519","PrincipalType":"Group","RightName":"GenericAll","IsInherited":true},{"PrincipalSID":"GOODPLAYER.LOCAL-S-1-5-32-544","PrincipalType":"Group","RightName":"WriteDacl","IsInherited":true},{"PrincipalSID":"GOODPLAYER.LOCAL-S-1-5-32-544","PrincipalType":"Group","RightName":"WriteOwner","IsInherited":true},{"PrincipalSID":"GOODPLAYER.LOCAL-S-1-5-32-544","PrincipalType":"Group","RightName":"GenericWrite","IsInherited":true}],"ObjectIdentifier":"GOODPLAYER.LOCAL-S-1-5-32-580","IsDeleted":false,"IsACLProtected":false,"ContainedBy":{"ObjectIdentifier":"S-1-5-32","ObjectType":"Base"}},{"Properties":{"domain":"GOODPLAYER.LOCAL","name":"HYPER-V ADMINISTRATORS@GOODPLAYER.LOCAL","distinguishedname":"CN=HYPER-V ADMINISTRATORS,CN=BUILTIN,DC=GOODPLAYER,DC=LOCAL","domainsid":"S-1-5-21-3097585901-318635426-835273833","samaccountname":"Hyper-V Administrators","isaclprotected":false,"description":"Members of this group have complete and unrestricted access to all features of Hyper-V.","whencreated":1706082632,"admincount":false},"Members":[],"Aces":[{"PrincipalSID":"GOODPLAYER.LOCAL-S-1-5-32-544","PrincipalType":"Group","RightName":"Owns","IsInherited":false},{"PrincipalSID":"GOODPLAYER.LOCAL-S-1-5-32-548","PrincipalType":"Group","RightName":"GenericAll","IsInherited":false},{"PrincipalSID":"S-1-5-21-3097585901-318635426-835273833-512","PrincipalType":"Group","RightName":"GenericAll","IsInherited":false},{"PrincipalSID":"S-1-5-21-3097585901-318635426-835273833-519","PrincipalType":"Group","RightName":"GenericAll","IsInherited":true},{"PrincipalSID":"GOODPLAYER.LOCAL-S-1-5-32-544","PrincipalType":"Group","RightName":"WriteDacl","IsInherited":true},{"PrincipalSID":"GOODPLAYER.LOCAL-S-1-5-32-544","PrincipalType":"Group","RightName":"WriteOwner","IsInherited":true},{"PrincipalSID":"GOODPLAYER.LOCAL-S-1-5-32-544","PrincipalType":"Group","RightName":"GenericWrite","IsInherited":true}],"ObjectIdentifier":"GOODPLAYER.LOCAL-S-1-5-32-578","IsDeleted":false,"IsACLProtected":false,"ContainedBy":{"ObjectIdentifier":"S-1-5-32","ObjectType":"Base"}},{"Properties":{"domain":"GOODPLAYER.LOCAL","name":"GUESTS@GOODPLAYER.LOCAL","distinguishedname":"CN=GUESTS,CN=BUILTIN,DC=GOODPLAYER,DC=LOCAL","domainsid":"S-1-5-21-3097585901-318635426-835273833","samaccountname":"Guests","isaclprotected":false,"description":"Guests have the same access as members of the Users group by default, except for the Guest account which is further restricted","whencreated":1706082632,"admincount":false},"Members":[{"ObjectIdentifier":"S-1-5-21-3097585901-318635426-835273833-514","ObjectType":"Group"},{"ObjectIdentifier":"S-1-5-21-3097585901-318635426-835273833-501","ObjectType":"User"}],"Aces":[{"PrincipalSID":"GOODPLAYER.LOCAL-S-1-5-32-544","PrincipalType":"Group","RightName":"Owns","IsInherited":false},{"PrincipalSID":"GOODPLAYER.LOCAL-S-1-5-32-548","PrincipalType":"Group","RightName":"GenericAll","IsInherited":false},{"PrincipalSID":"S-1-5-21-3097585901-318635426-835273833-512","PrincipalType":"Group","RightName":"GenericAll","IsInherited":false},{"PrincipalSID":"S-1-5-21-3097585901-318635426-835273833-519","PrincipalType":"Group","RightName":"GenericAll","IsInherited":true},{"PrincipalSID":"GOODPLAYER.LOCAL-S-1-5-32-544","PrincipalType":"Group","RightName":"WriteDacl","IsInherited":true},{"PrincipalSID":"GOODPLAYER.LOCAL-S-1-5-32-544","PrincipalType":"Group","RightName":"WriteOwner","IsInherited":true},{"PrincipalSID":"GOODPLAYER.LOCAL-S-1-5-32-544","PrincipalType":"Group","RightName":"GenericWrite","IsInherited":true}],"ObjectIdentifier":"GOODPLAYER.LOCAL-S-1-5-32-546","IsDeleted":false,"IsACLProtected":false,"ContainedBy":{"ObjectIdentifier":"S-1-5-32","ObjectType":"Base"}},{"Properties":{"domain":"GOODPLAYER.LOCAL","name":"STORAGE REPLICA ADMINISTRATORS@GOODPLAYER.LOCAL","distinguishedname":"CN=STORAGE REPLICA ADMINISTRATORS,CN=BUILTIN,DC=GOODPLAYER,DC=LOCAL","domainsid":"S-1-5-21-3097585901-318635426-835273833","samaccountname":"Storage Replica Administrators","isaclprotected":false,"description":"Members of this group have complete and unrestricted access to all features of Storage Replica.","whencreated":1706082632,"admincount":false},"Members":[],"Aces":[{"PrincipalSID":"GOODPLAYER.LOCAL-S-1-5-32-544","PrincipalType":"Group","RightName":"Owns","IsInherited":false},{"PrincipalSID":"GOODPLAYER.LOCAL-S-1-5-32-548","PrincipalType":"Group","RightName":"GenericAll","IsInherited":false},{"PrincipalSID":"S-1-5-21-3097585901-318635426-835273833-512","PrincipalType":"Group","RightName":"GenericAll","IsInherited":false},{"PrincipalSID":"S-1-5-21-3097585901-318635426-835273833-519","PrincipalType":"Group","RightName":"GenericAll","IsInherited":true},{"PrincipalSID":"GOODPLAYER.LOCAL-S-1-5-32-544","PrincipalType":"Group","RightName":"WriteDacl","IsInherited":true},{"PrincipalSID":"GOODPLAYER.LOCAL-S-1-5-32-544","PrincipalType":"Group","RightName":"WriteOwner","IsInherited":true},{"PrincipalSID":"GOODPLAYER.LOCAL-S-1-5-32-544","PrincipalType":"Group","RightName":"GenericWrite","IsInherited":true}],"ObjectIdentifier":"GOODPLAYER.LOCAL-S-1-5-32-582","IsDeleted":false,"IsACLProtected":false,"ContainedBy":{"ObjectIdentifier":"S-1-5-32","ObjectType":"Base"}},{"Properties":{"domain":"GOODPLAYER.LOCAL","name":"PRINT OPERATORS@GOODPLAYER.LOCAL","distinguishedname":"CN=PRINT OPERATORS,CN=BUILTIN,DC=GOODPLAYER,DC=LOCAL","domainsid":"S-1-5-21-3097585901-318635426-835273833","samaccountname":"Print Operators","isaclprotected":true,"description":"Members can administer printers installed on domain controllers","whencreated":1706082632,"admincount":true},"Members":[],"Aces":[{"PrincipalSID":"S-1-5-21-3097585901-318635426-835273833-512","PrincipalType":"Group","RightName":"Owns","IsInherited":false},{"PrincipalSID":"GOODPLAYER.LOCAL-S-1-5-32-544","PrincipalType":"Group","RightName":"WriteDacl","IsInherited":false},{"PrincipalSID":"GOODPLAYER.LOCAL-S-1-5-32-544","PrincipalType":"Group","RightName":"WriteOwner","IsInherited":false},{"PrincipalSID":"GOODPLAYER.LOCAL-S-1-5-32-544","PrincipalType":"Group","RightName":"GenericWrite","IsInherited":false},{"PrincipalSID":"S-1-5-21-3097585901-318635426-835273833-512","PrincipalType":"Group","RightName":"WriteDacl","IsInherited":false},{"PrincipalSID":"S-1-5-21-3097585901-318635426-835273833-512","PrincipalType":"Group","RightName":"WriteOwner","IsInherited":false},{"PrincipalSID":"S-1-5-21-3097585901-318635426-835273833-512","PrincipalType":"Group","RightName":"GenericWrite","IsInherited":false},{"PrincipalSID":"S-1-5-21-3097585901-318635426-835273833-519","PrincipalType":"Group","RightName":"WriteDacl","IsInherited":false},{"PrincipalSID":"S-1-5-21-3097585901-318635426-835273833-519","PrincipalType":"Group","RightName":"WriteOwner","IsInherited":false},{"PrincipalSID":"S-1-5-21-3097585901-318635426-835273833-519","PrincipalType":"Group","RightName":"GenericWrite","IsInherited":false}],"ObjectIdentifier":"GOODPLAYER.LOCAL-S-1-5-32-550","IsDeleted":false,"IsACLProtected":true,"ContainedBy":{"ObjectIdentifier":"S-1-5-32","ObjectType":"Base"}},{"Properties":{"domain":"GOODPLAYER.LOCAL","name":"BACKUP OPERATORS@GOODPLAYER.LOCAL","distinguishedname":"CN=BACKUP OPERATORS,CN=BUILTIN,DC=GOODPLAYER,DC=LOCAL","domainsid":"S-1-5-21-3097585901-318635426-835273833","samaccountname":"Backup Operators","isaclprotected":true,"description":"Backup Operators can override security restrictions for the sole purpose of backing up or restoring files","whencreated":1706082632,"admincount":true},"Members":[],"Aces":[{"PrincipalSID":"S-1-5-21-3097585901-318635426-835273833-512","PrincipalType":"Group","RightName":"Owns","IsInherited":false},{"PrincipalSID":"GOODPLAYER.LOCAL-S-1-5-32-544","PrincipalType":"Group","RightName":"WriteDacl","IsInherited":false},{"PrincipalSID":"GOODPLAYER.LOCAL-S-1-5-32-544","PrincipalType":"Group","RightName":"WriteOwner","IsInherited":false},{"PrincipalSID":"GOODPLAYER.LOCAL-S-1-5-32-544","PrincipalType":"Group","RightName":"GenericWrite","IsInherited":false},{"PrincipalSID":"S-1-5-21-3097585901-318635426-835273833-512","PrincipalType":"Group","RightName":"WriteDacl","IsInherited":false},{"PrincipalSID":"S-1-5-21-3097585901-318635426-835273833-512","PrincipalType":"Group","RightName":"WriteOwner","IsInherited":false},{"PrincipalSID":"S-1-5-21-3097585901-318635426-835273833-512","PrincipalType":"Group","RightName":"GenericWrite","IsInherited":false},{"PrincipalSID":"S-1-5-21-3097585901-318635426-835273833-519","PrincipalType":"Group","RightName":"WriteDacl","IsInherited":false},{"PrincipalSID":"S-1-5-21-3097585901-318635426-835273833-519","PrincipalType":"Group","RightName":"WriteOwner","IsInherited":false},{"PrincipalSID":"S-1-5-21-3097585901-318635426-835273833-519","PrincipalType":"Group","RightName":"GenericWrite","IsInherited":false}],"ObjectIdentifier":"GOODPLAYER.LOCAL-S-1-5-32-551","IsDeleted":false,"IsACLProtected":true,"ContainedBy":{"ObjectIdentifier":"S-1-5-32","ObjectType":"Base"}},{"Properties":{"domain":"GOODPLAYER.LOCAL","name":"EVENT LOG READERS@GOODPLAYER.LOCAL","distinguishedname":"CN=EVENT LOG READERS,CN=BUILTIN,DC=GOODPLAYER,DC=LOCAL","domainsid":"S-1-5-21-3097585901-318635426-835273833","samaccountname":"Event Log Readers","isaclprotected":false,"description":"Members of this group can read event logs from local machine","whencreated":1706082632,"admincount":false},"Members":[],"Aces":[{"PrincipalSID":"GOODPLAYER.LOCAL-S-1-5-32-544","PrincipalType":"Group","RightName":"Owns","IsInherited":false},{"PrincipalSID":"GOODPLAYER.LOCAL-S-1-5-32-548","PrincipalType":"Group","RightName":"GenericAll","IsInherited":false},{"PrincipalSID":"S-1-5-21-3097585901-318635426-835273833-512","PrincipalType":"Group","RightName":"GenericAll","IsInherited":false},{"PrincipalSID":"S-1-5-21-3097585901-318635426-835273833-519","PrincipalType":"Group","RightName":"GenericAll","IsInherited":true},{"PrincipalSID":"GOODPLAYER.LOCAL-S-1-5-32-544","PrincipalType":"Group","RightName":"WriteDacl","IsInherited":true},{"PrincipalSID":"GOODPLAYER.LOCAL-S-1-5-32-544","PrincipalType":"Group","RightName":"WriteOwner","IsInherited":true},{"PrincipalSID":"GOODPLAYER.LOCAL-S-1-5-32-544","PrincipalType":"Group","RightName":"GenericWrite","IsInherited":true}],"ObjectIdentifier":"GOODPLAYER.LOCAL-S-1-5-32-573","IsDeleted":false,"IsACLProtected":false,"ContainedBy":{"ObjectIdentifier":"S-1-5-32","ObjectType":"Base"}},{"Properties":{"domain":"GOODPLAYER.LOCAL","name":"CERT PUBLISHERS@GOODPLAYER.LOCAL","distinguishedname":"CN=CERT PUBLISHERS,OU=GROUPS,DC=GOODPLAYER,DC=LOCAL","domainsid":"S-1-5-21-3097585901-318635426-835273833","samaccountname":"Cert Publishers","isaclprotected":false,"description":"Members of this group are permitted to publish certificates to the directory","whencreated":1706082678,"admincount":false},"Members":[{"ObjectIdentifier":"S-1-5-21-3097585901-318635426-835273833-1000","ObjectType":"Computer"}],"Aces":[{"PrincipalSID":"S-1-5-21-3097585901-318635426-835273833-512","PrincipalType":"Group","RightName":"Owns","IsInherited":false},{"PrincipalSID":"GOODPLAYER.LOCAL-S-1-5-32-548","PrincipalType":"Group","RightName":"GenericAll","IsInherited":false},{"PrincipalSID":"S-1-5-21-3097585901-318635426-835273833-512","PrincipalType":"Group","RightName":"GenericAll","IsInherited":false},{"PrincipalSID":"S-1-5-21-3097585901-318635426-835273833-519","PrincipalType":"Group","RightName":"GenericAll","IsInherited":true},{"PrincipalSID":"GOODPLAYER.LOCAL-S-1-5-32-544","PrincipalType":"Group","RightName":"WriteDacl","IsInherited":true},{"PrincipalSID":"GOODPLAYER.LOCAL-S-1-5-32-544","PrincipalType":"Group","RightName":"WriteOwner","IsInherited":true},{"PrincipalSID":"GOODPLAYER.LOCAL-S-1-5-32-544","PrincipalType":"Group","RightName":"GenericWrite","IsInherited":true}],"ObjectIdentifier":"S-1-5-21-3097585901-318635426-835273833-517","IsDeleted":false,"IsACLProtected":false,"ContainedBy":{"ObjectIdentifier":"D1BEE513-86E7-4BB1-AC7B-92C9745AE0EC","ObjectType":"OU"}},{"Properties":{"domain":"GOODPLAYER.LOCAL","name":"SERVER OPERATORS@GOODPLAYER.LOCAL","distinguishedname":"CN=SERVER OPERATORS,CN=BUILTIN,DC=GOODPLAYER,DC=LOCAL","domainsid":"S-1-5-21-3097585901-318635426-835273833","samaccountname":"Server Operators","isaclprotected":true,"description":"Members can administer domain servers","whencreated":1706082678,"admincount":true},"Members":[],"Aces":[{"PrincipalSID":"S-1-5-21-3097585901-318635426-835273833-512","PrincipalType":"Group","RightName":"Owns","IsInherited":false},{"PrincipalSID":"GOODPLAYER.LOCAL-S-1-5-32-544","PrincipalType":"Group","RightName":"WriteDacl","IsInherited":false},{"PrincipalSID":"GOODPLAYER.LOCAL-S-1-5-32-544","PrincipalType":"Group","RightName":"WriteOwner","IsInherited":false},{"PrincipalSID":"GOODPLAYER.LOCAL-S-1-5-32-544","PrincipalType":"Group","RightName":"GenericWrite","IsInherited":false},{"PrincipalSID":"S-1-5-21-3097585901-318635426-835273833-512","PrincipalType":"Group","RightName":"WriteDacl","IsInherited":false},{"PrincipalSID":"S-1-5-21-3097585901-318635426-835273833-512","PrincipalType":"Group","RightName":"WriteOwner","IsInherited":false},{"PrincipalSID":"S-1-5-21-3097585901-318635426-835273833-512","PrincipalType":"Group","RightName":"GenericWrite","IsInherited":false},{"PrincipalSID":"S-1-5-21-3097585901-318635426-835273833-519","PrincipalType":"Group","RightName":"WriteDacl","IsInherited":false},{"PrincipalSID":"S-1-5-21-3097585901-318635426-835273833-519","PrincipalType":"Group","RightName":"WriteOwner","IsInherited":false},{"PrincipalSID":"S-1-5-21-3097585901-318635426-835273833-519","PrincipalType":"Group","RightName":"GenericWrite","IsInherited":false}],"ObjectIdentifier":"GOODPLAYER.LOCAL-S-1-5-32-549","IsDeleted":false,"IsACLProtected":true,"ContainedBy":{"ObjectIdentifier":"S-1-5-32","ObjectType":"Base"}},{"Properties":{"domain":"GOODPLAYER.LOCAL","name":"PRE-WINDOWS 2000 COMPATIBLE ACCESS@GOODPLAYER.LOCAL","distinguishedname":"CN=PRE-WINDOWS 2000 COMPATIBLE ACCESS,CN=BUILTIN,DC=GOODPLAYER,DC=LOCAL","domainsid":"S-1-5-21-3097585901-318635426-835273833","samaccountname":"Pre-Windows 2000 Compatible Access","isaclprotected":false,"description":"A backward compatibility group which allows read access on all users and groups in the domain","whencreated":1706082678,"admincount":false},"Members":[{"ObjectIdentifier":"S-1-5-21-3097585901-318635426-835273833-1000","ObjectType":"Computer"},{"ObjectIdentifier":"GOODPLAYER.LOCAL-S-1-5-11","ObjectType":"Group"}],"Aces":[{"PrincipalSID":"S-1-5-21-3097585901-318635426-835273833-512","PrincipalType":"Group","RightName":"Owns","IsInherited":false},{"PrincipalSID":"GOODPLAYER.LOCAL-S-1-5-32-548","PrincipalType":"Group","RightName":"GenericAll","IsInherited":false},{"PrincipalSID":"S-1-5-21-3097585901-318635426-835273833-512","PrincipalType":"Group","RightName":"GenericAll","IsInherited":false},{"PrincipalSID":"S-1-5-21-3097585901-318635426-835273833-519","PrincipalType":"Group","RightName":"GenericAll","IsInherited":true},{"PrincipalSID":"GOODPLAYER.LOCAL-S-1-5-32-544","PrincipalType":"Group","RightName":"WriteDacl","IsInherited":true},{"PrincipalSID":"GOODPLAYER.LOCAL-S-1-5-32-544","PrincipalType":"Group","RightName":"WriteOwner","IsInherited":true},{"PrincipalSID":"GOODPLAYER.LOCAL-S-1-5-32-544","PrincipalType":"Group","RightName":"GenericWrite","IsInherited":true}],"ObjectIdentifier":"GOODPLAYER.LOCAL-S-1-5-32-554","IsDeleted":false,"IsACLProtected":false,"ContainedBy":{"ObjectIdentifier":"S-1-5-32","ObjectType":"Base"}},{"Properties":{"domain":"GOODPLAYER.LOCAL","name":"PROTECTED USERS@GOODPLAYER.LOCAL","distinguishedname":"CN=PROTECTED USERS,OU=GROUPS,DC=GOODPLAYER,DC=LOCAL","domainsid":"S-1-5-21-3097585901-318635426-835273833","samaccountname":"Protected Users","isaclprotected":false,"description":"Members of this group are afforded additional protections against authentication security threats. See http://go.microsoft.com/fwlink/?LinkId=298939 for more information.","whencreated":1706082678,"admincount":false},"Members":[],"Aces":[{"PrincipalSID":"S-1-5-21-3097585901-318635426-835273833-512","PrincipalType":"Group","RightName":"Owns","IsInherited":false},{"PrincipalSID":"GOODPLAYER.LOCAL-S-1-5-32-548","PrincipalType":"Group","RightName":"GenericAll","IsInherited":false},{"PrincipalSID":"S-1-5-21-3097585901-318635426-835273833-512","PrincipalType":"Group","RightName":"GenericAll","IsInherited":false},{"PrincipalSID":"S-1-5-21-3097585901-318635426-835273833-519","PrincipalType":"Group","RightName":"GenericAll","IsInherited":true},{"PrincipalSID":"GOODPLAYER.LOCAL-S-1-5-32-544","PrincipalType":"Group","RightName":"WriteDacl","IsInherited":true},{"PrincipalSID":"GOODPLAYER.LOCAL-S-1-5-32-544","PrincipalType":"Group","RightName":"WriteOwner","IsInherited":true},{"PrincipalSID":"GOODPLAYER.LOCAL-S-1-5-32-544","PrincipalType":"Group","RightName":"GenericWrite","IsInherited":true}],"ObjectIdentifier":"S-1-5-21-3097585901-318635426-835273833-525","IsDeleted":false,"IsACLProtected":false,"ContainedBy":{"ObjectIdentifier":"D1BEE513-86E7-4BB1-AC7B-92C9745AE0EC","ObjectType":"OU"}},{"Properties":{"domain":"GOODPLAYER.LOCAL","name":"USERS@GOODPLAYER.LOCAL","distinguishedname":"CN=USERS,CN=BUILTIN,DC=GOODPLAYER,DC=LOCAL","domainsid":"S-1-5-21-3097585901-318635426-835273833","samaccountname":"Users","isaclprotected":false,"description":"Users are prevented from making accidental or intentional system-wide changes and can run most applications","whencreated":1706082632,"admincount":false},"Members":[{"ObjectIdentifier":"S-1-5-21-3097585901-318635426-835273833-513","ObjectType":"Group"},{"ObjectIdentifier":"GOODPLAYER.LOCAL-S-1-5-11","ObjectType":"Group"},{"ObjectIdentifier":"GOODPLAYER.LOCAL-S-1-5-4","ObjectType":"Group"}],"Aces":[{"PrincipalSID":"GOODPLAYER.LOCAL-S-1-5-32-544","PrincipalType":"Group","RightName":"Owns","IsInherited":false},{"PrincipalSID":"GOODPLAYER.LOCAL-S-1-5-32-548","PrincipalType":"Group","RightName":"GenericAll","IsInherited":false},{"PrincipalSID":"S-1-5-21-3097585901-318635426-835273833-512","PrincipalType":"Group","RightName":"GenericAll","IsInherited":false},{"PrincipalSID":"S-1-5-21-3097585901-318635426-835273833-519","PrincipalType":"Group","RightName":"GenericAll","IsInherited":true},{"PrincipalSID":"GOODPLAYER.LOCAL-S-1-5-32-544","PrincipalType":"Group","RightName":"WriteDacl","IsInherited":true},{"PrincipalSID":"GOODPLAYER.LOCAL-S-1-5-32-544","PrincipalType":"Group","RightName":"WriteOwner","IsInherited":true},{"PrincipalSID":"GOODPLAYER.LOCAL-S-1-5-32-544","PrincipalType":"Group","RightName":"GenericWrite","IsInherited":true}],"ObjectIdentifier":"GOODPLAYER.LOCAL-S-1-5-32-545","IsDeleted":false,"IsACLProtected":false,"ContainedBy":{"ObjectIdentifier":"S-1-5-32","ObjectType":"Base"}},{"Properties":{"name":"IIS_IUSRS@GOODPLAYER.LOCAL","domainsid":"S-1-5-21-3097585901-318635426-835273833","domain":"GOODPLAYER.LOCAL","reconcile":false},"Members":[],"Aces":[],"ObjectIdentifier":"GOODPLAYER.LOCAL-S-1-5-32-568","IsDeleted":false,"IsACLProtected":false,"ContainedBy":null},{"Properties":{"name":"CRYPTOGRAPHIC OPERATORS@GOODPLAYER.LOCAL","domainsid":"S-1-5-21-3097585901-318635426-835273833","domain":"GOODPLAYER.LOCAL","reconcile":false},"Members":[],"Aces":[],"ObjectIdentifier":"GOODPLAYER.LOCAL-S-1-5-32-569","IsDeleted":false,"IsACLProtected":false,"ContainedBy":null},{"Properties":{"name":"DISTRIBUTED COM USERS@GOODPLAYER.LOCAL","domainsid":"S-1-5-21-3097585901-318635426-835273833","domain":"GOODPLAYER.LOCAL","reconcile":false},"Members":[],"Aces":[],"ObjectIdentifier":"GOODPLAYER.LOCAL-S-1-5-32-562","IsDeleted":false,"IsACLProtected":false,"ContainedBy":null},{"Properties":{"name":"WINDOWS AUTHORIZATION ACCESS GROUP@GOODPLAYER.LOCAL","domainsid":"S-1-5-21-3097585901-318635426-835273833","domain":"GOODPLAYER.LOCAL","reconcile":false},"Members":[],"Aces":[],"ObjectIdentifier":"GOODPLAYER.LOCAL-S-1-5-32-560","IsDeleted":false,"IsACLProtected":false,"ContainedBy":null},{"Properties":{"name":"TERMINAL SERVER LICENSE SERVERS@GOODPLAYER.LOCAL","domainsid":"S-1-5-21-3097585901-318635426-835273833","domain":"GOODPLAYER.LOCAL","reconcile":false},"Members":[],"Aces":[],"ObjectIdentifier":"GOODPLAYER.LOCAL-S-1-5-32-561","IsDeleted":false,"IsACLProtected":false,"ContainedBy":null},{"Properties":{"name":"STORAGE REPLICA ADMINISTRATORS@GOODPLAYER.LOCAL","domainsid":"S-1-5-21-3097585901-318635426-835273833","domain":"GOODPLAYER.LOCAL","reconcile":false},"Members":[],"Aces":[],"ObjectIdentifier":"GOODPLAYER.LOCAL-S-1-5-32-582","IsDeleted":false,"IsACLProtected":false,"ContainedBy":null},{"Properties":{"name":"REMOTE MANAGEMENT USERS@GOODPLAYER.LOCAL","domainsid":"S-1-5-21-3097585901-318635426-835273833","domain":"GOODPLAYER.LOCAL","reconcile":false},"Members":[],"Aces":[],"ObjectIdentifier":"GOODPLAYER.LOCAL-S-1-5-32-580","IsDeleted":false,"IsACLProtected":false,"ContainedBy":null},{"Properties":{"name":"PERFORMANCE MONITOR USERS@GOODPLAYER.LOCAL","domainsid":"S-1-5-21-3097585901-318635426-835273833","domain":"GOODPLAYER.LOCAL","reconcile":false},"Members":[],"Aces":[],"ObjectIdentifier":"GOODPLAYER.LOCAL-S-1-5-32-558","IsDeleted":false,"IsACLProtected":false,"ContainedBy":null},{"Properties":{"name":"PERFORMANCE LOG USERS@GOODPLAYER.LOCAL","domainsid":"S-1-5-21-3097585901-318635426-835273833","domain":"GOODPLAYER.LOCAL","reconcile":false},"Members":[],"Aces":[],"ObjectIdentifier":"GOODPLAYER.LOCAL-S-1-5-32-559","IsDeleted":false,"IsACLProtected":false,"ContainedBy":null},{"Properties":{"name":"NETWORK CONFIGURATION OPERATORS@GOODPLAYER.LOCAL","domainsid":"S-1-5-21-3097585901-318635426-835273833","domain":"GOODPLAYER.LOCAL","reconcile":false},"Members":[],"Aces":[],"ObjectIdentifier":"GOODPLAYER.LOCAL-S-1-5-32-556","IsDeleted":false,"IsACLProtected":false,"ContainedBy":null},{"Properties":{"name":"INCOMING FOREST TRUST BUILDERS@GOODPLAYER.LOCAL","domainsid":"S-1-5-21-3097585901-318635426-835273833","domain":"GOODPLAYER.LOCAL","reconcile":false},"Members":[],"Aces":[],"ObjectIdentifier":"GOODPLAYER.LOCAL-S-1-5-32-557","IsDeleted":false,"IsACLProtected":false,"ContainedBy":null},{"Properties":{"name":"AUTHENTICATED USERS@GOODPLAYER.LOCAL","domainsid":"S-1-5-21-3097585901-318635426-835273833","domain":"GOODPLAYER.LOCAL","reconcile":false},"Members":[],"Aces":[],"ObjectIdentifier":"GOODPLAYER.LOCAL-S-1-5-11","IsDeleted":false,"IsACLProtected":false,"ContainedBy":null},{"Properties":{"name":"PRE-WINDOWS 2000 COMPATIBLE ACCESS@GOODPLAYER.LOCAL","domainsid":"S-1-5-21-3097585901-318635426-835273833","domain":"GOODPLAYER.LOCAL","reconcile":false},"Members":[],"Aces":[],"ObjectIdentifier":"GOODPLAYER.LOCAL-S-1-5-32-554","IsDeleted":false,"IsACLProtected":false,"ContainedBy":null},{"Properties":{"name":"REMOTE DESKTOP USERS@GOODPLAYER.LOCAL","domainsid":"S-1-5-21-3097585901-318635426-835273833","domain":"GOODPLAYER.LOCAL","reconcile":false},"Members":[],"Aces":[],"ObjectIdentifier":"GOODPLAYER.LOCAL-S-1-5-32-555","IsDeleted":false,"IsACLProtected":false,"ContainedBy":null},{"Properties":{"name":"REPLICATORS@GOODPLAYER.LOCAL","domainsid":"S-1-5-21-3097585901-318635426-835273833","domain":"GOODPLAYER.LOCAL","reconcile":false},"Members":[],"Aces":[],"ObjectIdentifier":"GOODPLAYER.LOCAL-S-1-5-32-552","IsDeleted":false,"IsACLProtected":false,"ContainedBy":null},{"Properties":{"name":"PRINT OPERATORS@GOODPLAYER.LOCAL","domainsid":"S-1-5-21-3097585901-318635426-835273833","domain":"GOODPLAYER.LOCAL","reconcile":false},"Members":[],"Aces":[],"ObjectIdentifier":"GOODPLAYER.LOCAL-S-1-5-32-550","IsDeleted":false,"IsACLProtected":false,"ContainedBy":null},{"Properties":{"name":"HYPER-V ADMINISTRATORS@GOODPLAYER.LOCAL","domainsid":"S-1-5-21-3097585901-318635426-835273833","domain":"GOODPLAYER.LOCAL","reconcile":false},"Members":[],"Aces":[],"ObjectIdentifier":"GOODPLAYER.LOCAL-S-1-5-32-578","IsDeleted":false,"IsACLProtected":false,"ContainedBy":null},{"Properties":{"name":"BACKUP OPERATORS@GOODPLAYER.LOCAL","domainsid":"S-1-5-21-3097585901-318635426-835273833","domain":"GOODPLAYER.LOCAL","reconcile":false},"Members":[],"Aces":[],"ObjectIdentifier":"GOODPLAYER.LOCAL-S-1-5-32-551","IsDeleted":false,"IsACLProtected":false,"ContainedBy":null},{"Properties":{"name":"IUSR@GOODPLAYER.LOCAL","domainsid":"S-1-5-21-3097585901-318635426-835273833","domain":"GOODPLAYER.LOCAL","reconcile":false},"Members":[],"Aces":[],"ObjectIdentifier":"GOODPLAYER.LOCAL-S-1-5-17","IsDeleted":false,"IsACLProtected":false,"ContainedBy":null},{"Properties":{"name":"ACCESS CONTROL ASSISTANCE OPERATORS@GOODPLAYER.LOCAL","domainsid":"S-1-5-21-3097585901-318635426-835273833","domain":"GOODPLAYER.LOCAL","reconcile":false},"Members":[],"Aces":[],"ObjectIdentifier":"GOODPLAYER.LOCAL-S-1-5-32-579","IsDeleted":false,"IsACLProtected":false,"ContainedBy":null},{"Properties":{"name":"RDS ENDPOINT SERVERS@GOODPLAYER.LOCAL","domainsid":"S-1-5-21-3097585901-318635426-835273833","domain":"GOODPLAYER.LOCAL","reconcile":false},"Members":[],"Aces":[],"ObjectIdentifier":"GOODPLAYER.LOCAL-S-1-5-32-576","IsDeleted":false,"IsACLProtected":false,"ContainedBy":null},{"Properties":{"name":"ACCOUNT OPERATORS@GOODPLAYER.LOCAL","domainsid":"S-1-5-21-3097585901-318635426-835273833","domain":"GOODPLAYER.LOCAL","reconcile":false},"Members":[],"Aces":[],"ObjectIdentifier":"GOODPLAYER.LOCAL-S-1-5-32-548","IsDeleted":false,"IsACLProtected":false,"ContainedBy":null},{"Properties":{"name":"RDS MANAGEMENT SERVERS@GOODPLAYER.LOCAL","domainsid":"S-1-5-21-3097585901-318635426-835273833","domain":"GOODPLAYER.LOCAL","reconcile":false},"Members":[],"Aces":[],"ObjectIdentifier":"GOODPLAYER.LOCAL-S-1-5-32-577","IsDeleted":false,"IsACLProtected":false,"ContainedBy":null},{"Properties":{"name":"SERVER OPERATORS@GOODPLAYER.LOCAL","domainsid":"S-1-5-21-3097585901-318635426-835273833","domain":"GOODPLAYER.LOCAL","reconcile":false},"Members":[],"Aces":[],"ObjectIdentifier":"GOODPLAYER.LOCAL-S-1-5-32-549","IsDeleted":false,"IsACLProtected":false,"ContainedBy":null},{"Properties":{"name":"CERTIFICATE SERVICE DCOM ACCESS@GOODPLAYER.LOCAL","domainsid":"S-1-5-21-3097585901-318635426-835273833","domain":"GOODPLAYER.LOCAL","reconcile":false},"Members":[],"Aces":[],"ObjectIdentifier":"GOODPLAYER.LOCAL-S-1-5-32-574","IsDeleted":false,"IsACLProtected":false,"ContainedBy":null},{"Properties":{"name":"INTERACTIVE@GOODPLAYER.LOCAL","domainsid":"S-1-5-21-3097585901-318635426-835273833","domain":"GOODPLAYER.LOCAL","reconcile":false},"Members":[],"Aces":[],"ObjectIdentifier":"GOODPLAYER.LOCAL-S-1-5-4","IsDeleted":false,"IsACLProtected":false,"ContainedBy":null},{"Properties":{"name":"RDS REMOTE ACCESS SERVERS@GOODPLAYER.LOCAL","domainsid":"S-1-5-21-3097585901-318635426-835273833","domain":"GOODPLAYER.LOCAL","reconcile":false},"Members":[],"Aces":[],"ObjectIdentifier":"GOODPLAYER.LOCAL-S-1-5-32-575","IsDeleted":false,"IsACLProtected":false,"ContainedBy":null},{"Properties":{"name":"GUESTS@GOODPLAYER.LOCAL","domainsid":"S-1-5-21-3097585901-318635426-835273833","domain":"GOODPLAYER.LOCAL","reconcile":false},"Members":[],"Aces":[],"ObjectIdentifier":"GOODPLAYER.LOCAL-S-1-5-32-546","IsDeleted":false,"IsACLProtected":false,"ContainedBy":null},{"Properties":{"name":"EVENT LOG READERS@GOODPLAYER.LOCAL","domainsid":"S-1-5-21-3097585901-318635426-835273833","domain":"GOODPLAYER.LOCAL","reconcile":false},"Members":[],"Aces":[],"ObjectIdentifier":"GOODPLAYER.LOCAL-S-1-5-32-573","IsDeleted":false,"IsACLProtected":false,"ContainedBy":null},{"Properties":{"name":"ADMINISTRATORS@GOODPLAYER.LOCAL","domainsid":"S-1-5-21-3097585901-318635426-835273833","domain":"GOODPLAYER.LOCAL","reconcile":false},"Members":[],"Aces":[],"ObjectIdentifier":"GOODPLAYER.LOCAL-S-1-5-32-544","IsDeleted":false,"IsACLProtected":false,"ContainedBy":null},{"Properties":{"name":"USERS@GOODPLAYER.LOCAL","domainsid":"S-1-5-21-3097585901-318635426-835273833","domain":"GOODPLAYER.LOCAL","reconcile":false},"Members":[],"Aces":[],"ObjectIdentifier":"GOODPLAYER.LOCAL-S-1-5-32-545","IsDeleted":false,"IsACLProtected":false,"ContainedBy":null},{"Properties":{"name":"EVERYONE@GOODPLAYER.LOCAL","domainsid":"S-1-5-21-3097585901-318635426-835273833","domain":"GOODPLAYER.LOCAL","reconcile":false},"Members":[],"Aces":[],"ObjectIdentifier":"GOODPLAYER.LOCAL-S-1-1-0","IsDeleted":false,"IsACLProtected":false,"ContainedBy":null},{"Properties":{"name":"ENTERPRISE DOMAIN CONTROLLERS@GOODPLAYER.LOCAL","domainsid":"S-1-5-21-3097585901-318635426-835273833","domain":"GoodPlayer.local"},"Members":[{"ObjectIdentifier":"S-1-5-21-3097585901-318635426-835273833-1000","ObjectType":"Computer"}],"Aces":[],"ObjectIdentifier":"GOODPLAYER.LOCAL-S-1-5-9","IsDeleted":false,"IsACLProtected":false,"ContainedBy":null}],"meta":{"methods":291819,"type":"groups","count":81,"version":6}}