{"data":[{"GPOChanges":{"LocalAdmins":[],"RemoteDesktopUsers":[],"DcomUsers":[],"PSRemoteUsers":[],"AffectedComputers":[]},"Properties":{"domain":"GOODPLAYER.LOCAL","name":"GROUPS@GOODPLAYER.LOCAL","distinguishedname":"OU=GROUPS,DC=GOODPLAYER,DC=LOCAL","domainsid":"S-1-5-21-3097585901-318635426-835273833","isaclprotected":false,"description":null,"whencreated":1706085004,"blocksinheritance":false},"Links":[],"ChildObjects":[],"Aces":[{"PrincipalSID":"S-1-5-21-3097585901-318635426-835273833-512","PrincipalType":"Group","RightName":"Owns","IsInherited":false},{"PrincipalSID":"S-1-5-21-3097585901-318635426-835273833-512","PrincipalType":"Group","RightName":"GenericAll","IsInherited":false},{"PrincipalSID":"S-1-5-21-3097585901-318635426-835273833-519","PrincipalType":"Group","RightName":"GenericAll","IsInherited":true},{"PrincipalSID":"GOODPLAYER.LOCAL-S-1-5-32-544","PrincipalType":"Group","RightName":"WriteDacl","IsInherited":true},{"PrincipalSID":"GOODPLAYER.LOCAL-S-1-5-32-544","PrincipalType":"Group","RightName":"WriteOwner","IsInherited":true}],"ObjectIdentifier":"D1BEE513-86E7-4BB1-AC7B-92C9745AE0EC","IsDeleted":false,"IsACLProtected":false,"ContainedBy":{"ObjectIdentifier":"S-1-5-21-3097585901-318635426-835273833","ObjectType":"Domain"}},{"GPOChanges":{"LocalAdmins":[],"RemoteDesktopUsers":[],"DcomUsers":[],"PSRemoteUsers":[],"AffectedComputers":[]},"Properties":{"domain":"GOODPLAYER.LOCAL","name":"DOMAIN CONTROLLERS@GOODPLAYER.LOCAL","distinguishedname":"OU=DOMAIN CONTROLLERS,DC=GOODPLAYER,DC=LOCAL","domainsid":"S-1-5-21-3097585901-318635426-835273833","isaclprotected":false,"description":"Default container for domain controllers","whencreated":1706082631,"blocksinheritance":false},"Links":[{"IsEnforced":false,"GUID":"D282B74A-B4DF-4D4C-AA0C-37D9629CB0A9"}],"ChildObjects":[],"Aces":[{"PrincipalSID":"S-1-5-21-3097585901-318635426-835273833-512","PrincipalType":"Group","RightName":"Owns","IsInherited":false},{"PrincipalSID":"S-1-5-21-3097585901-318635426-835273833-512","PrincipalType":"Group","RightName":"WriteDacl","IsInherited":false},{"PrincipalSID":"S-1-5-21-3097585901-318635426-835273833-512","PrincipalType":"Group","RightName":"WriteOwner","IsInherited":false},{"PrincipalSID":"S-1-5-21-3097585901-318635426-835273833-519","PrincipalType":"Group","RightName":"GenericAll","IsInherited":true},{"PrincipalSID":"GOODPLAYER.LOCAL-S-1-5-32-544","PrincipalType":"Group","RightName":"WriteDacl","IsInherited":true},{"PrincipalSID":"GOODPLAYER.LOCAL-S-1-5-32-544","PrincipalType":"Group","RightName":"WriteOwner","IsInherited":true}],"ObjectIdentifier":"244C4920-D067-4CEA-8C90-4A83BEC79D8B","IsDeleted":false,"IsACLProtected":false,"ContainedBy":{"ObjectIdentifier":"S-1-5-21-3097585901-318635426-835273833","ObjectType":"Domain"}}],"meta":{"methods":291819,"type":"ous","count":2,"version":6}}