{"data":[{"Properties":{"domain":"GOODPLAYER.LOCAL","name":"GOODPLAYER-ACTIVEDIRECTORY-CA@GOODPLAYER.LOCAL","distinguishedname":"CN=GOODPLAYER-ACTIVEDIRECTORY-CA,CN=CERTIFICATION AUTHORITIES,CN=PUBLIC KEY SERVICES,CN=SERVICES,CN=CONFIGURATION,DC=GOODPLAYER,DC=LOCAL","domainsid":"S-1-5-21-3097585901-318635426-835273833","isaclprotected":false,"description":null,"whencreated":1706084593,"certthumbprint":"FFFE6382C3F44F74FFC6E3B4C914EF6B75DCE883","certname":"FFFE6382C3F44F74FFC6E3B4C914EF6B75DCE883","certchain":["FFFE6382C3F44F74FFC6E3B4C914EF6B75DCE883"],"hasbasicconstraints":false,"basicconstraintpathlength":0},"DomainSID":"S-1-5-21-3097585901-318635426-835273833","Aces":[{"PrincipalSID":"S-1-5-21-3097585901-318635426-835273833-519","PrincipalType":"Group","RightName":"Owns","IsInherited":false},{"PrincipalSID":"GOODPLAYER.LOCAL-S-1-5-32-544","PrincipalType":"Group","RightName":"GenericAll","IsInherited":false},{"PrincipalSID":"S-1-5-21-3097585901-318635426-835273833-512","PrincipalType":"Group","RightName":"GenericAll","IsInherited":false},{"PrincipalSID":"S-1-5-21-3097585901-318635426-835273833-517","PrincipalType":"Group","RightName":"GenericAll","IsInherited":false},{"PrincipalSID":"S-1-5-21-3097585901-318635426-835273833-519","PrincipalType":"Group","RightName":"GenericAll","IsInherited":false},{"PrincipalSID":"S-1-5-21-3097585901-318635426-835273833-519","PrincipalType":"Group","RightName":"GenericAll","IsInherited":true},{"PrincipalSID":"S-1-5-21-3097585901-318635426-835273833-512","PrincipalType":"Group","RightName":"WriteDacl","IsInherited":true},{"PrincipalSID":"S-1-5-21-3097585901-318635426-835273833-512","PrincipalType":"Group","RightName":"WriteOwner","IsInherited":true}],"ObjectIdentifier":"C8F6381E-79B3-40BD-BEE7-2B1A7E2E73FD","IsDeleted":false,"IsACLProtected":false,"ContainedBy":{"ObjectIdentifier":"38A40B6D-A20D-4F21-94DF-07CFBCE4AA8E","ObjectType":"Container"}}],"meta":{"methods":291819,"type":"rootcas","count":1,"version":6}}